video_link,criador,descricao,likes,comentarios,visualizacoes,data_publicacao,musica,patrocinado,anuncio,tiktok_shop,business_account,link_externo,conta_oficial,hashtags,timestamp
https://www.tiktok.com/@alpine.soul/video/7428975771026312490,,"The kind of sunrise that stops me dead in my tracks, and leaves me awestruck ☕️✨ ",295500,2029.0,,,,False,True,False,False,False,False,[],2026-04-09 22:37:20
https://www.tiktok.com/@iheartnewyorkcityy/video/7439467006786637088,,love travelling | #travel #world #country #travelling #traveltok #city ,355800,985.0,,,,False,False,False,False,False,False,"['#travel', '#world', '#country', '#travelling', '#traveltok', '#city']",2026-04-09 22:37:29
https://www.tiktok.com/@jessamongthewild/video/7499875413854866731,,the quiet moments of april 🤍 #slowliving #countryside #spring ,36600,175.0,,,,False,False,False,False,False,False,"['#slowliving', '#countryside', '#spring']",2026-04-09 22:37:39
https://www.tiktok.com/@ryguy123452/video/7623442936084122911,,#countryroads #edit #aesthetic #nature #love ,15,0.0,,,,False,True,False,False,False,False,"['#countryroads', '#edit', '#aesthetic', '#nature', '#love']",2026-04-09 22:37:50
https://www.tiktok.com/@rosehillonspencer/video/7618206737329327391,,SPRING ✨ #dreamlife #dreamgarden #countrylife ,414,13.0,,,,False,False,False,False,False,False,"['#dreamlife', '#dreamgarden', '#countrylife']",2026-04-09 22:37:59
https://www.tiktok.com/@secret_spz/video/7611746152492436750,,#fyp #countrymusic #countrygirl #country #aesthetic ,6002,4.0,,,,False,False,False,False,False,False,"['#fyp', '#countrymusic', '#countrygirl', '#country', '#aesthetic']",2026-04-09 22:38:09
https://www.tiktok.com/@imdeontomsx/video/7618469351120899351,,"Born to be a cowgirl 🌲🦌🤠 

#cabinvibes #countrygirl ",2757,29.0,,,,False,False,False,False,False,False,"['#cabinvibes', '#countrygirl']",2026-04-09 22:38:19
https://www.tiktok.com/@girl_with_destinity/video/7520864684275272968,,"Dream Destination Korea...💗🇰🇷
.
.
.
.
.
.
#girlwithdestinity  #koreatrip  #koreatravels  #southkorea🇰🇷 ",423400,4363.0,,,,False,False,False,False,False,False,"['#girlwithdestinity', '#koreatrip', '#koreatravels', '#southkorea🇰🇷']",2026-04-09 22:38:29
https://www.tiktok.com/@juniipermay/video/7191165249012305158,,❀˖⁺✿༶⋆˙⊹❀𐂂❀˖⁺.༶✿⋆˙⊹❀ #forest #nature #walk #trees ,840000,2706.0,,,,False,False,False,False,False,False,"['#forest', '#nature', '#walk', '#trees']",2026-04-09 22:38:35
https://www.tiktok.com/@lenas_cozy_cottage/video/7496552706736229654,,"Welcome to my dinningroom🌸

#homedecor #cottagecoreaesthetic ",765900,2480.0,,,,False,False,False,False,False,False,"['#homedecor', '#cottagecoreaesthetic']",2026-04-09 22:38:46
https://www.tiktok.com/@fangirlfilesomg/video/7625417872684207382,,if my life doesnt end up in the english countryside i dont want it xx #aesthetic #quietlife #fyp ,101,1.0,,,,False,False,False,False,False,False,"['#aesthetic', '#quietlife', '#fyp']",2026-04-09 22:38:54
https://www.tiktok.com/@world_explorer.2026/video/7420444929316490538,,Beauty of Italy 🇮🇹.                                                    #foryou ,173400,2336.0,,,,False,False,False,False,False,False,['#foryou'],2026-04-09 22:39:01
https://www.tiktok.com/@ghostiezzz/video/7581730046482582815,,Western mood:> #western #westernaesthetic #cowboy #country #peaceful ,252,4.0,,,,False,False,False,False,False,False,"['#western', '#westernaesthetic', '#cowboy', '#country', '#peaceful']",2026-04-09 22:39:10
https://www.tiktok.com/@thecountryhotline/video/7591929521352248590,,cowboy szn forever #aesthetic #country #cowboy ,3737,13.0,,,,False,False,False,False,False,False,"['#aesthetic', '#country', '#cowboy']",2026-04-09 22:39:21
https://www.tiktok.com/@user823951108250/video/7524833870462602518,,🤠🤎 | #fyp #foryou #foryoupage #aesthetic #pinterest #vibe #summer #countrysummer #southsummer #countryside ,100800,181.0,,,,False,False,False,False,False,False,"['#fyp', '#foryou', '#foryoupage', '#aesthetic', '#pinterest', '#vibe', '#summer', '#countrysummer', '#southsummer', '#countryside']",2026-04-09 22:39:31
https://www.tiktok.com/@julyviolett/video/7496545904594259222,,"a quiet kind of heavy.

  

          
                                   ",123700,730.0,,,,False,False,False,False,False,False,[],2026-04-09 22:39:37
https://www.tiktok.com/@daylightluvclub/video/7593167829638106381,,"one of the best country songs of all time 

#georgestrait ",23700,38.0,,,,False,False,False,False,False,False,['#georgestrait'],2026-04-09 22:39:45
https://www.tiktok.com/@lrubint/video/7527484176526757126,,Vai que bate um vento e me arrasta pro rodeio🤠@Fiduma & Jeca ,17300,45.0,,,,False,False,False,False,False,False,[],2026-04-09 22:39:53
https://www.tiktok.com/@nayaa__oo/video/7404445854989356308,,#aesthetic#Japan #greenaesthetic #japanesecountryside #iimirei ,194300,1878.0,,,,False,False,False,False,False,False,"['#aesthetic', '#Japan', '#greenaesthetic', '#japanesecountryside', '#iimirei']",2026-04-09 22:39:58
https://www.tiktok.com/@olala_america/video/7502864347476135214,,Amazing Sunset #aestetic #cherryblossom #usavibes #usa🇺🇸 ,67800,445.0,,,,False,False,False,False,False,False,"['#aestetic', '#cherryblossom', '#usavibes', '#usa🇺🇸']",2026-04-09 22:40:09
https://www.tiktok.com/@sienacary/video/7421196615295241503,,"follow my instagram for more!
•
•
#horses #western #cowboy ",615600,1790.0,,,,False,False,False,False,False,False,"['#horses', '#western', '#cowboy']",2026-04-09 22:40:18
https://www.tiktok.com/@blueribbonsparkler/video/7354143917396266283,,Moutain mama #aesthetic ##moodboard #country #vintage #farmersdaughter #southern #western #americana ,212600,680.0,,,,False,False,False,False,False,False,"['#aesthetic', '#moodboard', '#country', '#vintage', '#farmersdaughter', '#southern', '#western', '#americana']",2026-04-09 22:40:24
https://www.tiktok.com/@user143442011/video/7525643165403974968,,send more requests #tanzania #tanzanian #fyp #viral #aesthetic #country #shesfrom @𝓜𝓲𝓬𝓪𝓱🪼,390,19.0,,,,False,False,False,False,False,False,"['#tanzania', '#tanzanian', '#fyp', '#viral', '#aesthetic', '#country', '#shesfrom']",2026-04-09 22:40:34
https://www.tiktok.com/@rebhulle/video/7589403023919598879,,🔆☀️#farmhouse #oldhouse #homedecor #cottagecoreaesthetic ,44800,189.0,,,,False,False,False,False,False,False,"['#farmhouse', '#oldhouse', '#homedecor', '#cottagecoreaesthetic']",2026-04-09 22:40:46
https://www.tiktok.com/@casal.country48/video/7421544959913905414,,@Namorada do Júlio 🪶💍 #country #fyyyyyyyyyyyyyyyy ,69300,172.0,,,,False,True,False,False,False,False,"['#country', '#fyyyyyyyyyyyyyyyy']",2026-04-09 22:40:52
https://www.tiktok.com/@vibestorelax/video/7319613490069572869,,Qual desses países tem a sua vibe? #aesthetic #vibes #travel ,4525,46.0,,,,False,False,False,False,False,False,"['#aesthetic', '#vibes', '#travel']",2026-04-09 22:40:58
https://www.tiktok.com/@hun43rd_0/video/7623657091705638175,,Ole country is the best country #countrymusic #fypシ #viral #aesthetic ,22900,26.0,,,,False,False,False,False,False,False,"['#countrymusic', '#fypシ', '#viral', '#aesthetic']",2026-04-09 22:41:04
https://www.tiktok.com/@dark.romance.read10/video/7615320024219143437,,#greenscreen #country #aesthetic ,23,0.0,,,,False,False,False,False,False,False,"['#greenscreen', '#country', '#aesthetic']",2026-04-09 22:41:12
https://www.tiktok.com/@racheeymarytravels/video/6989981588440222977,,🌿🌱🍃 #greenaesthetic #cottagecore #lightacademia,1400000,22000.0,,,,False,True,False,False,False,False,"['#greenaesthetic', '#cottagecore', '#lightacademia']",2026-04-09 22:41:20
https://www.tiktok.com/@doperott/video/7387553064594591009,,"🇺🇸🇺🇸🇺🇸

#fyp #foryoupage #pinterest #cowboy #aesthetic #cowgirl #western #westernaesthetic #midwest #utah #texas #california #usa #edit ",484,1.0,,,,False,False,False,False,False,False,"['#fyp', '#foryoupage', '#pinterest', '#cowboy', '#aesthetic', '#cowgirl', '#western', '#westernaesthetic', '#midwest', '#utah', '#texas', '#california', '#usa', '#edit']",2026-04-09 22:41:26
https://www.tiktok.com/@pointcountrycatalao/video/7619451083898752276,,"Seja calças largas ou slim, temos a opção perfeita para você! 🤠",8234,61.0,,,,False,False,False,False,False,False,[],2026-04-09 22:41:34
https://www.tiktok.com/@charlize_mcrae/video/7591390704203468053,,I love country songs sm#fyp #country #countrymusic #aesthetic ,3949,64.0,,,,False,False,False,False,False,False,"['#fyp', '#country', '#countrymusic', '#aesthetic']",2026-04-09 22:41:42
https://www.tiktok.com/@g30w0r1d/video/7616098166257061134,,"Country

#core #aesthetic #fyp #nature #zyxcba ",67,0.0,,,,False,False,False,False,False,False,"['#core', '#aesthetic', '#fyp', '#nature', '#zyxcba']",2026-04-09 22:41:53
https://www.tiktok.com/@clique.da.vg/video/7612990222980091143,,#foryou #pecuariabrasil🇧🇷🐂🐂🐂🐂 #country #viral #terere ,18600,17.0,,,,False,False,False,False,False,False,"['#foryou', '#pecuariabrasil🇧🇷🐂🐂🐂🐂', '#country', '#viral', '#terere']",2026-04-09 22:42:04
https://www.tiktok.com/@iona.pplecrumble/video/7511741792228740374,,"spending the month of june in the countryside 🐞

#aestheticvibes #june #countryside #aestheticedits ",352,3.0,,,,False,False,False,False,False,False,"['#aestheticvibes', '#june', '#countryside', '#aestheticedits']",2026-04-09 22:42:13
https://www.tiktok.com/@mendes.layla_/video/7608698486879571208,,#foryou #country ,53300,77.0,,,,False,False,False,False,False,False,"['#foryou', '#country']",2026-04-09 22:42:20
https://www.tiktok.com/@user173674992/video/7396817492745751840,,🌊 #maldives #fyp #fy #viral #beaches #palmtrees #holiday ,1200000,1502.0,,,,False,False,False,False,False,False,"['#maldives', '#fyp', '#fy', '#viral', '#beaches', '#palmtrees', '#holiday']",2026-04-09 22:42:27
https://www.tiktok.com/@vanessa_vilano/video/7596058308197272840,,#fy #aestetic #cottagecoreaesthetic #natureza #farm ,2294,9.0,,,,False,False,False,False,False,False,"['#fy', '#aestetic', '#cottagecoreaesthetic', '#natureza', '#farm']",2026-04-09 22:42:39
https://www.tiktok.com/@twenty_three_souls/video/7235891028828458245,,Just want this life… #countrylover #countrylife #ranch #couplegoals,9519,107.0,,,,False,False,False,False,False,False,"['#countrylover', '#countrylife', '#ranch', '#couplegoals']",2026-04-09 22:42:46
https://www.tiktok.com/@vctrep/video/7576324929587547410,,#afghanistan #aesthetic #history #afg #explore ,2422,31.0,,,,False,False,False,False,False,False,"['#afghanistan', '#aesthetic', '#history', '#afg', '#explore']",2026-04-09 22:42:56
https://www.tiktok.com/@blogshoptok/video/7362965789214788869,,this is italy 🇮🇹 | #foryou #country #trend #trending #fyp #italy🇮🇹 ,411,1.0,,,,False,False,False,False,False,False,"['#foryou', '#country', '#trend', '#trending', '#fyp', '#italy🇮🇹']",2026-04-09 22:43:05
https://www.tiktok.com/@yunahcorn/video/7462064131013791022,,growing up in the south #greenscreen #yunahcorn #aesthetic #fyp ,902,4.0,,,,False,False,False,False,False,False,"['#greenscreen', '#yunahcorn', '#aesthetic', '#fyp']",2026-04-09 22:43:11
https://www.tiktok.com/@paytan_16/video/7385955139598765354,,Wyoming🫶🏻#wyoming#nature #sunset#love#country #runaway ,129699,404.0,,,,False,False,False,False,False,False,"['#wyoming', '#nature', '#sunset', '#love', '#country', '#runaway']",2026-04-09 22:43:21
https://www.tiktok.com/@penmargeandchard/video/7549319279301135671,,I just really love the aesthetic guys 😫🍂🍃 #ivy #oldhouse #philly ,59200,1073.0,,,,False,False,False,False,False,False,"['#ivy', '#oldhouse', '#philly']",2026-04-09 22:43:31
https://www.tiktok.com/@adventuringbeth/video/7194385622004518150,,"Come with me to Arlington Row in the beautiful, ancient Cotswolds village of Bibury. Do you recognise it from any films? (Hint: a Neil Gaiman adaptation was filmed here) ",7754,44.0,,,,False,True,False,False,False,False,[],2026-04-09 22:43:37
https://www.tiktok.com/@scbl0ndi/video/7604052596512263446,,Mediterranean #mediterranean #aesthetic #countries #fyp ,232700,270.0,,,,False,False,False,False,False,False,"['#mediterranean', '#aesthetic', '#countries', '#fyp']",2026-04-09 22:43:49
https://www.tiktok.com/@ifwb8ks/video/7584774732893965576,,Miyvars es avadmyofi qveyana #foryoupage #saqartvelo ,8105,30.0,,,,False,True,False,False,False,False,"['#foryoupage', '#saqartvelo']",2026-04-09 22:43:59
https://www.tiktok.com/@dariamundi/video/7343188073146010913,,"Soon life will look like this again 🌿🌿🌿 

#cottagecore #slowliving ",423100,2154.0,,,,False,False,False,False,False,False,"['#cottagecore', '#slowliving']",2026-04-09 22:44:09
https://www.tiktok.com/@bigmac.edits.ands/video/7577027042160495884,,"american states 3/50🤠🤠🤠 

#fyp #vibes #texas #aesthetic #states #usa ",63600,238.0,,,,False,False,False,False,False,False,"['#fyp', '#vibes', '#texas', '#aesthetic', '#states', '#usa']",2026-04-09 22:44:15
https://www.tiktok.com/@delani.geiger/video/7513303710097804587,,♠️🤍i never knew you were a pickup man🤍♠️ #country #me #fyp ,193500,1417.0,,,,False,False,False,False,False,False,"['#country', '#me', '#fyp']",2026-04-09 22:44:21
https://www.tiktok.com/@_slavicgirl1/video/7590390502017600791,,I'm waiting for summer#fpy #viral #polishcountryside ,12700,77.0,,,,False,False,False,False,False,False,"['#fpy', '#viral', '#polishcountryside']",2026-04-09 22:44:27
https://www.tiktok.com/@gmamedez/video/7179042774942043398,,luv the countryside 🐴🌿 #foryou #fy #naturelovers #nature ,800,19.0,,,,False,False,False,False,False,False,"['#foryou', '#fy', '#naturelovers', '#nature']",2026-04-09 22:44:38
https://www.tiktok.com/@bootcut_beans/video/7524313032797834518,,I wish I could paint like this so bad 😫❤️🤠 #WesternArt ,544,2.0,,,,False,True,False,False,False,False,['#WesternArt'],2026-04-09 22:44:47
https://www.tiktok.com/@ourfriendlyfarmhouse/video/7412106483728469279,,"When life slows down🍁✨ Grateful for Sundays coming when I can put the worries of the week to rest. Happy weekend, all. ",28600,148.0,,,,False,False,False,False,False,False,[],2026-04-09 22:44:58
https://www.tiktok.com/@funochi/video/7282159498494577925,,#countries #aestetic #wallpaper,162600,391.0,,,,False,False,False,False,False,False,"['#countries', '#aestetic', '#wallpaper']",2026-04-09 22:45:06
https://www.tiktok.com/@milly_natally/video/7521788438102707461,,#italy #viagem #foryoupage #aesthetic #travel #fyp #pinterest ,62600,182.0,,,,False,False,False,False,False,False,"['#italy', '#viagem', '#foryoupage', '#aesthetic', '#travel', '#fyp', '#pinterest']",2026-04-09 22:45:13
https://www.tiktok.com/@glengarry.adventures_/video/7519102030506364167,,"It’s a good thing it’s your life, so live it how you want to. ☺️ ",4789,7.0,,,,False,False,False,False,False,False,[],2026-04-09 22:45:20
https://www.tiktok.com/@theiconfile_/video/7611622210825915662,,simple living #aesthetic #moodboard #foryoupage #countrylife #unfreezemyaccount ,4839,4.0,,,,False,False,False,False,False,False,"['#aesthetic', '#moodboard', '#foryoupage', '#countrylife', '#unfreezemyaccount']",2026-04-09 22:45:28
https://www.tiktok.com/@tiktokjunk_journal/video/7485090179913469215,,Song: Old dirt roads by @Owen Riegling #fyp #foryoupage #viral ,97,0.0,,,,False,True,False,False,False,False,"['#fyp', '#foryoupage', '#viral']",2026-04-09 22:45:35
https://www.tiktok.com/@for.your.aesthetic/video/7099902222728842502,,@leyla.smdt antworten #aesthetic #lebanon we love a good baklava 🇱🇧,647,30.0,,,,False,False,False,False,False,False,"['#aesthetic', '#lebanon']",2026-04-09 22:45:42
https://www.tiktok.com/@pinterest_.mood/video/7497242166691974422,,"Japan holds my heart and my soul.
                                          #japanvibes #japanaesthetic #japanlove #travelgoals #explorejapan ",406,9.0,,,,False,False,False,False,False,False,"['#japanvibes', '#japanaesthetic', '#japanlove', '#travelgoals', '#explorejapan']",2026-04-09 22:45:52
https://www.tiktok.com/@janarenai/video/7267480589647891744,,"🌿💌🌲✨🐴

#horse #nature #forest #aesthetic ",49900,225.0,,,,False,False,False,False,False,False,"['#horse', '#nature', '#forest', '#aesthetic']",2026-04-09 22:46:03
https://www.tiktok.com/@roamwithbus/video/7489107366294703406,,"Monument Valley is pure Arizona magic. 🌅 Towering buttes, endless desert views, and sunsets that belong in a movie. Driving through this sacred Navajo land feels like stepping into another world. Who else has this on their bucket list? 🔥✨ ",814800,1967.0,,,,False,False,False,False,False,False,[],2026-04-09 22:46:14
https://www.tiktok.com/@glitchneko_/video/7506089056363695382,,Germany | 8K 30FPS | @germany.tourism | #Germany #VisitGermany #DiscoverGermany #BeautifulGermany #GermanyTravel #GermanyNature ,40500,567.0,,,,False,False,False,False,False,False,"['#Germany', '#VisitGermany', '#DiscoverGermany', '#BeautifulGermany', '#GermanyTravel', '#GermanyNature']",2026-04-09 22:46:23
https://www.tiktok.com/@gilmorezls/video/7590122811985906964,,(Ib:@Amore’diary ⋆ 𐙚 ̊ ) #farmlife #countrygirl #foryoupage#viral#moodboardaesthetic @TikTok Brasil @TikTok LOL HAHAHAHA KKKKKK!!😂😂,8689,17.0,,,,False,False,False,False,False,False,"['#farmlife', '#countrygirl', '#foryoupage', '#viral', '#moodboardaesthetic']",2026-04-09 22:46:33
https://www.tiktok.com/@gaithonque1999/video/7597848158651026719,,Romanticizing my peaceful afternoon on the lake 🛶✨. #waterlily ,1185,28.0,,,,False,False,False,False,False,False,['#waterlily'],2026-04-09 22:46:43
https://www.tiktok.com/@farrtier/video/7623088866223852821,,joining the trend :p #fyp #culture #country #belarus #aesthetic ,29600,265.0,,,,False,False,False,False,False,False,"['#fyp', '#culture', '#country', '#belarus', '#aesthetic']",2026-04-09 22:46:51
https://www.tiktok.com/@ashlynpaigewest/video/7330375606602861867,,For the cowgirlies 🫶🏽🤠 #fyp #foryou #aesthetic #wallpaper ,1772,14.0,,,,False,False,False,False,False,False,"['#fyp', '#foryou', '#aesthetic', '#wallpaper']",2026-04-09 22:47:01
https://www.tiktok.com/@th0mascarpenter/video/7235364055593028891,,📍Bramdean #hampshire #england #bramdean #englishcountryside,425100,1804.0,,,,False,False,False,False,False,False,"['#hampshire', '#england', '#bramdean', '#englishcountryside']",2026-04-09 22:47:13
https://www.tiktok.com/@giuliogroebert/video/7342211327366155552,,"The enchanted blackforest 🍃🫶…
|",100700,1572.0,,,,False,False,False,False,False,False,[],2026-04-09 22:47:19
https://www.tiktok.com/@marcoandflo/video/7538458306050903318,,Italy 🇮🇹✨,127000,2342.0,,,,False,False,False,False,False,False,[],2026-04-09 22:47:30
https://www.tiktok.com/@meolafrancesco/video/7246709803865656602,,"Varenna, Lake Como 🇮🇹 #italy #lakecomo #varenna #italyaesthetic ",848000,2739.0,,,,False,False,False,False,False,False,"['#italy', '#lakecomo', '#varenna', '#italyaesthetic']",2026-04-09 22:47:37
https://www.tiktok.com/@_aarav13/video/7615178212590554376,,"Auckland cbd 🙌
#nz #city #views #aesthetic #auckland ",96000,136.0,,,,False,False,False,False,False,False,"['#nz', '#city', '#views', '#aesthetic', '#auckland']",2026-04-09 22:47:43
https://www.tiktok.com/@cowgirlconfetti/video/7623039263029890335,,literally had this exact bedding lol #southern #springaesthetic ,1550,9.0,,,,False,True,False,False,False,False,"['#southern', '#springaesthetic']",2026-04-09 22:47:49
https://www.tiktok.com/@thatukcowgirl/video/7210457971569069318,,That's the dream 💛 #CountryEdits #CapCut #Aesthetic ,49200,198.0,,,,False,False,False,False,False,False,"['#CountryEdits', '#CapCut', '#Aesthetic']",2026-04-09 22:47:56
https://www.tiktok.com/@livia_reis02/video/7539240640933039416,,"💃🏼
.
.
.
.
#fy #country #viraltiktok #cowgril ",26200,65.0,,,,False,False,False,False,False,False,"['#fy', '#country', '#viraltiktok', '#cowgril']",2026-04-09 22:48:03
https://www.tiktok.com/@eijishy/video/7271591885376851218,,village. ,40800,251.0,,,,False,False,False,False,False,False,[],2026-04-09 22:48:09
https://www.tiktok.com/@jpeggia/video/7505534171918535982,,More from this barn! #country #countryside #barn #digicam #aesthetic #cinematography ,9185,25.0,,,,False,False,False,False,False,False,"['#country', '#countryside', '#barn', '#digicam', '#aesthetic', '#cinematography']",2026-04-09 22:48:19
https://www.tiktok.com/@tyronkurtbaclaan/video/7387741085327576327,,,3510,357.0,,,,False,False,False,False,False,False,[],2026-04-09 22:48:30
https://www.tiktok.com/@sanctabi/video/7603897172018384150,,"nature & nurture
 #nature #traditional #feminine #europe #aesthetic ",49600,207.0,,,,False,True,False,False,False,False,"['#nature', '#traditional', '#feminine', '#europe', '#aesthetic']",2026-04-09 22:48:36
https://www.tiktok.com/@juniipermay/video/7235660117667024154,,🪐🪐🪐 #nature #wildflowers #naturevibes #outdoors #buttercups ,236500,486.0,,,,False,False,False,False,False,False,"['#nature', '#wildflowers', '#naturevibes', '#outdoors', '#buttercups']",2026-04-09 22:48:47
https://www.tiktok.com/@el.spam8/video/7607508990519512342,,countryside girl forever🧺🌾🍎#countryside #pinterest #aestheticvideos #fyp #foryoupage,130500,237.0,,,,False,False,False,False,False,False,"['#countryside', '#pinterest', '#aestheticvideos', '#fyp', '#foryoupage']",2026-04-09 22:49:00
https://www.tiktok.com/@myia_x115/video/7585018632954973471,,I love western vibes! #2000s #route66aesthetic #countryside #fyp #plsblowthisup,259,1.0,,,,False,False,False,False,False,False,"['#2000s', '#route66aesthetic', '#countryside', '#fyp', '#plsblowthisup']",2026-04-09 22:49:09
https://www.tiktok.com/@aesthetic7ss/video/7619718246698175765,,"Los Angeles, California  
#losangeles #hollywood 
#aesthetic #vibes ",11400,29.0,,,,False,False,False,False,False,False,"['#losangeles', '#hollywood', '#aesthetic', '#vibes']",2026-04-09 22:49:18
https://www.tiktok.com/@tomvandersteynbruck/video/7607787169331170593,,"Home

#tiktokuk #countryside #aesthetics #mixedmedia #onze ",51300,159.0,,,,False,False,False,False,False,False,"['#tiktokuk', '#countryside', '#aesthetics', '#mixedmedia', '#onze']",2026-04-09 22:49:26
https://www.tiktok.com/@oliviagracietaylo/video/7523305566656089349,,preferably italy but anywhere would do #countryside #aesthetic #italy #gorgeous #nature #countryaesthetic ,11800,10.0,,,,False,False,False,False,False,False,"['#countryside', '#aesthetic', '#italy', '#gorgeous', '#nature', '#countryaesthetic']",2026-04-09 22:49:33
https://www.tiktok.com/@wheninyc/video/7405278642084793643,,My beautiful country <3 🇩🇴 i miss you #fypage #dominicanrepublic #aesthetic #pinterest #fyppp ,5979,31.0,,,,False,False,False,False,False,False,"['#fypage', '#dominicanrepublic', '#aesthetic', '#pinterest', '#fyppp']",2026-04-09 22:49:43
https://www.tiktok.com/@yourdadsfavoritefarmgirl/video/7475850327724395818,,,2215,44.0,,,,False,False,False,False,False,False,[],2026-04-09 22:49:52
https://www.tiktok.com/@cattlemanswife_designs/video/7408286729473494302,,#western #westernlife #ranchlife #viral #dream #country ,73800,301.0,,,,False,False,False,False,False,False,"['#western', '#westernlife', '#ranchlife', '#viral', '#dream', '#country']",2026-04-09 22:50:02
https://www.tiktok.com/@gustavotxc5/video/7610818691969682689,,#texas#texastodo#texasgirl#texascountry#texaslife,79,0.0,,,,False,False,False,False,False,False,"['#texas', '#texastodo', '#texasgirl', '#texascountry', '#texaslife']",2026-04-09 22:50:11
https://www.tiktok.com/@countrygirl_jp/video/7212904485906042118,,"have a nice day 🌅
#animals #Naturvideos #AnimalVideos ",1776,22.0,,,,False,False,False,False,False,False,"['#animals', '#Naturvideos', '#AnimalVideos']",2026-04-09 22:50:18
https://www.tiktok.com/@thatscountrycore/video/7626797100982078733,,Channeling a southern summer this year <3 #countrymusic #countryaesthetic #moodboard #countrygirl #pinterest ,3,0.0,,,,False,False,False,False,False,False,"['#countrymusic', '#countryaesthetic', '#moodboard', '#countrygirl', '#pinterest']",2026-04-09 22:50:28
https://www.tiktok.com/@brianna_jorgensen/video/7492278996328107306,,"a country spring🌾💌

#country #aesthetic #countrylife ",5338,40.0,,,,False,False,False,False,False,False,"['#country', '#aesthetic', '#countrylife']",2026-04-09 22:50:36
https://www.tiktok.com/@jordsmotel/video/7580786541891538184,,"yearning for a summer like this 🌞

#vintage #moodboard #countryaesthetic #southern #aesthetic",14400,21.0,,,,False,False,False,False,False,False,"['#vintage', '#moodboard', '#countryaesthetic', '#southern', '#aesthetic']",2026-04-09 22:50:45
https://www.tiktok.com/@wild_west_n/video/7263949884842151174,,#cowboy #western #horse #ride #fyp #country #horseriding ,13100,57.0,,,,False,False,False,False,False,False,"['#cowboy', '#western', '#horse', '#ride', '#fyp', '#country', '#horseriding']",2026-04-09 22:50:52
https://www.tiktok.com/@_cherokee_bill_/video/7604814333549235474,,".

.

#country #alanjackson #music #fy ",142300,514.0,,,,False,False,False,False,False,False,"['#country', '#alanjackson', '#music', '#fy']",2026-04-09 22:51:02
https://www.tiktok.com/@secret_geo.vieira09/video/7615047518753131792,,#country #music #foryou #fyppppppppppppppppppppppp #fyp,44400,112.0,,,,False,False,False,False,False,False,"['#country', '#music', '#foryou', '#fyppppppppppppppppppppppp', '#fyp']",2026-04-09 22:51:13
https://www.tiktok.com/@.the.canadian.emp/video/7625812497471245589,,"A little edit on our country we are proud Canadian! 🇨🇦🍁
.
. 
.
Owner 1 (Flo edit)
🇨🇦 tags: #canada #xybca #discordserver #fyp #edit 🇨🇦",590,8.0,,,,False,True,False,False,False,False,"['#canada', '#xybca', '#discordserver', '#fyp', '#edit']",2026-04-09 22:51:19
https://www.tiktok.com/@usoppfandom/video/7189449502061792555,,wano country #DoritosTriangleTryout #ANIME #ANIMEEDITS #onepiece #strawhats #luffy #zoro #nami #robin #sanji #wano #wanocountry #wanoarc,10700,55.0,,,,False,False,False,False,False,False,"['#DoritosTriangleTryout', '#ANIME', '#ANIMEEDITS', '#onepiece', '#strawhats', '#luffy', '#zoro', '#nami', '#robin', '#sanji', '#wano', '#wanocountry', '#wanoarc']",2026-04-09 22:51:28
https://www.tiktok.com/@mappingbymsf/video/7621627372344708366,,"Portugal ☑️ Follow For More and Comment Next Country For Edit.
.
.
#fyp #edit #country #portugal #🇵🇹 ",478,49.0,,,,False,False,False,False,False,False,"['#fyp', '#edit', '#country', '#portugal', '#🇵🇹']",2026-04-09 22:51:35
https://www.tiktok.com/@iniliciaaa.34/video/7565858257810574613,,"A country that is aesthetic and beautiful, that's India, my favorite country🦚🦚",4141,16.0,,,,False,False,False,False,False,False,[],2026-04-09 22:51:41
https://www.tiktok.com/@twentyonelimes/video/7252524779993910571,,Rustic country drawings❤️‍🔥🌵⚡️ #aesthetic #country #drawing #freehand #art #blackandwhitedrawing ,325,8.0,,,,False,False,False,False,False,False,"['#aesthetic', '#country', '#drawing', '#freehand', '#art', '#blackandwhitedrawing']",2026-04-09 22:51:49
https://www.tiktok.com/@tt.33shiaro_3e/video/7566254804603899158,,#fyp #foryoupag #tikto #rareaesthetic #country ,208900,15000.0,,,,False,False,False,False,False,False,"['#fyp', '#foryoupag', '#tikto', '#rareaesthetic', '#country']",2026-04-09 22:51:57
https://www.tiktok.com/@mayor_mcnuggets/video/7481389466188320031,,The lone star state🪻🌾🐄 #texas #country #summer #farmer ,4230,16.0,,,,False,False,False,False,False,False,"['#texas', '#country', '#summer', '#farmer']",2026-04-09 22:52:06
https://www.tiktok.com/@songs.tgm/video/7357462672578759942,,Velho Oeste 👢🍺🧱🐴🚬🪵🏜️ #tiktok #viraltiktok #viralvideo #viral #cowboy #countryboy #boots #texasbar #bar ,76100,419.0,,,,False,False,False,False,False,False,"['#tiktok', '#viraltiktok', '#viralvideo', '#viral', '#cowboy', '#countryboy', '#boots', '#texasbar', '#bar']",2026-04-09 22:52:14
https://www.tiktok.com/@westernrootz_/video/7592568855386508566,,#country #aesthetic #fyp #edit #lyrics ,71900,46.0,,,,False,False,False,False,False,False,"['#country', '#aesthetic', '#fyp', '#edit', '#lyrics']",2026-04-09 22:52:24
https://www.tiktok.com/@summeronvenus/video/7517249818532597014,,"absolute favourite time
#summer #summerevening #slowliving ",116100,385.0,,,,False,False,False,False,False,False,"['#summer', '#summerevening', '#slowliving']",2026-04-09 22:52:33
https://www.tiktok.com/@thedesiresworld/video/7338810310217796897,,"Country road 🐎
#usa #monumentvalley #arizona #visitarizona ",33500,81.0,,,,False,True,False,False,False,False,"['#usa', '#monumentvalley', '#arizona', '#visitarizona']",2026-04-09 22:52:42
https://www.tiktok.com/@chiyominao/video/7466799403471342870,,dream country! | #日本 #pinterest #viral #aesthetic #japan #fyp #japanvibes,148500,2007.0,,,,False,False,False,False,False,False,"['#日本', '#pinterest', '#viral', '#aesthetic', '#japan', '#fyp', '#japanvibes']",2026-04-09 22:52:50
https://www.tiktok.com/@therestisnoise/video/7332842190772735278,,"friends and canada ⛰️ 
.
.
.
#fyp #vanlife #travel #cinematic #canada #banff #aesthetic #friends #foryou #bucketlist #lake #mountains #camping ",9004,53.0,,,,False,True,False,False,False,False,"['#fyp', '#vanlife', '#travel', '#cinematic', '#canada', '#banff', '#aesthetic', '#friends', '#foryou', '#bucketlist', '#lake', '#mountains', '#camping']",2026-04-09 22:52:56
https://www.tiktok.com/@pinterest_diary/video/7586658652942093590,,cottage core aesthetic #cottagecore  #pintrest #fyp ,44300,214.0,,,,False,False,False,False,False,False,"['#cottagecore', '#pintrest', '#fyp']",2026-04-09 22:53:06
https://www.tiktok.com/@urfav_waffle/video/7123163166753737989,,#pinterestaesthetic #tunisia #fupシ #aestheticvideos #🇹🇳🇹🇳,44500,323.0,,,,False,False,False,False,False,False,"['#pinterestaesthetic', '#tunisia', '#fupシ', '#aestheticvideos', '#🇹🇳🇹🇳']",2026-04-09 22:53:13
https://www.tiktok.com/@_noasmood/video/7569224189081586965,,"my fav country in the wishlist of destinations 🇬🇧
#uk #london #moodboard #xybca #fyppppppppppppppppppppppp ",324400,786.0,,,,False,False,False,False,False,False,"['#uk', '#london', '#moodboard', '#xybca', '#fyppppppppppppppppppppppp']",2026-04-09 22:53:23
https://www.tiktok.com/@.natureheals/video/7285101683477220614,,"°•country girl (garota do campo)•°
💚🌳🍃✨ #foryoupage #cottagecore #cottagecore_aesthetic #fy #fypシ #vibeboa🧿 ",8301,49.0,,,,False,False,False,False,False,False,"['#foryoupage', '#cottagecore', '#cottagecore_aesthetic', '#fy', '#fypシ', '#vibeboa🧿']",2026-04-09 22:53:34
https://www.tiktok.com/@aesthetics16261/video/7500522889234369810,,#counrty #countrygirl #farm #horses #aesthetic #fyp #countrytok ,425,3.0,,,,False,False,False,False,False,False,"['#counrty', '#countrygirl', '#farm', '#horses', '#aesthetic', '#fyp', '#countrytok']",2026-04-09 22:53:42
https://www.tiktok.com/@luke.goes.usa/video/7535593699942698262,,nothing more aesthetic than this >>> #america #usalife ,213500,1956.0,,,,False,False,False,False,False,False,"['#america', '#usalife']",2026-04-09 22:53:52
https://www.tiktok.com/@_virgovvenus/video/7560843359435214093,,#country #texas #inspo #moodboardaesthetic #bellahadid ,208,1.0,,,,False,True,False,False,False,False,"['#country', '#texas', '#inspo', '#moodboardaesthetic', '#bellahadid']",2026-04-09 22:54:01
https://www.tiktok.com/@mendes.layla_/video/7620217048685219080,,Não podee #country #foryou ,16200,64.0,,,,False,False,False,False,False,False,"['#country', '#foryou']",2026-04-09 22:54:08
https://www.tiktok.com/@yunahcorn/video/7450684084772162862,,love letter to the texas hill country 💌 #greenscreen #moodboard ,1968,18.0,,,,False,False,False,False,False,False,"['#greenscreen', '#moodboard']",2026-04-09 22:54:19
https://www.tiktok.com/@cowgirlconfetti/video/7626025396567379230,,this over anything truly ⭐️⭐️ #90sthrowback #vintageamericana #countrymusic #vintagecountry #90skid ,315,1.0,,,,False,False,False,False,False,False,"['#90sthrowback', '#vintageamericana', '#countrymusic', '#vintagecountry', '#90skid']",2026-04-09 22:54:24
https://www.tiktok.com/@noellegraybill/video/7292891094126169387,,nothin like going home 💌🌾💗🍂#fall #autumn #georgia ,1053,11.0,,,,False,False,False,False,False,False,"['#fall', '#autumn', '#georgia']",2026-04-09 22:54:34
https://www.tiktok.com/@sauceboss104/video/7598648898638335246,,In another life I was a cowboy #western #wildhorses #countryaesthetic #70s #fyp,8052,10.0,,,,False,False,False,False,False,False,"['#western', '#wildhorses', '#countryaesthetic', '#70s', '#fyp']",2026-04-09 22:54:40
https://www.tiktok.com/@abbyluvssnoopyy/video/7625054897016294687,,I love this country type aesthetic #moodboard #nature #fyp #aesthetic #targetaudience ,207,8.0,,,,False,False,False,False,False,False,"['#moodboard', '#nature', '#fyp', '#aesthetic', '#targetaudience']",2026-04-09 22:54:51
https://www.tiktok.com/@chiaslibraryy/video/7380655613354741024,,#cottagecore #aesthetic #nature #forest #whimsical #cozy #spring #booktok #pinterest ,36600,480.0,,,,False,False,False,False,False,False,"['#cottagecore', '#aesthetic', '#nature', '#forest', '#whimsical', '#cozy', '#spring', '#booktok', '#pinterest']",2026-04-09 22:55:02
https://www.tiktok.com/@lakii318/video/7594141446349851927,,#norway #tromso #fyp #snow #aesthetic ,401100,707.0,,,,False,False,False,False,False,False,"['#norway', '#tromso', '#fyp', '#snow', '#aesthetic']",2026-04-09 22:55:10
https://www.tiktok.com/@cowgirlconfetti/video/7621561769588198687,,the second this is my life i’ll never complain again 🙈 ,230,0.0,,,,False,False,False,False,False,False,[],2026-04-09 22:55:16
https://www.tiktok.com/@amanda.zinkk/video/7479608733828402475,,what i wanted to be when i grew up ✨. #greenscreen #countrygirl ,26200,0.0,,,,False,False,False,False,False,False,"['#greenscreen', '#countrygirl']",2026-04-09 22:55:27
https://www.tiktok.com/@sanctabi/video/7611269033303837974,,"love me some 80s music 
#aesthetic #traditional #nature #europe #countryside ",2787,4.0,,,,False,True,False,False,False,False,"['#aesthetic', '#traditional', '#nature', '#europe', '#countryside']",2026-04-09 22:55:37
https://www.tiktok.com/@wyldsaga/video/7247120227991899419,,"Wandering through the meadow on a summer evening. 
Wearing ",42900,206.0,,,,False,True,False,False,False,False,[],2026-04-09 22:55:47
https://www.tiktok.com/@fawn._..sugar/video/7599063724229463318,,countryside #moodboard#countryaesthetic#fyp#foryoupage#viral,70,0.0,,,,False,False,False,False,False,False,"['#moodboard', '#countryaesthetic', '#fyp', '#foryoupage', '#viral']",2026-04-09 22:55:59
https://www.tiktok.com/@chiaslibraryy/video/7416292160854625569,,#spring #hike #cottagecore #aesthetic #nature #forest #whimsical #cozy #goblincore #BookTok #pinterest #fairy #fairycore ,195500,2437.0,,,,False,False,False,False,False,False,"['#spring', '#hike', '#cottagecore', '#aesthetic', '#nature', '#forest', '#whimsical', '#cozy', '#goblincore', '#BookTok', '#pinterest', '#fairy', '#fairycore']",2026-04-09 22:56:07
https://www.tiktok.com/@de4dmoongrrrl/video/7625716740688858401,,I spend all day inside but i actualy love nature #aeshtetic #notforyou ,83,4.0,,,,False,False,False,False,False,False,"['#aeshtetic', '#notforyou']",2026-04-09 22:56:14
https://www.tiktok.com/@nostalgialenses/video/7593835320471309598,,i love this combo #2000s #2010 #mcbling #country #aesthetic ,134700,864.0,,,,False,False,False,False,False,False,"['#2000s', '#2010', '#mcbling', '#country', '#aesthetic']",2026-04-09 22:56:21
https://www.tiktok.com/@tefiitte/video/7535992152992517382,,I tried to put a little bit of each country🌴 #moodboard #latinamerica #aesthetic #fy #pinterest ,159800,629.0,,,,False,False,False,False,False,False,"['#moodboard', '#latinamerica', '#aesthetic', '#fy', '#pinterest']",2026-04-09 22:56:29
https://www.tiktok.com/@drogaealuluu/video/7601936560103230740,,#fyp #viraliza #country #cowgirl #country ,138900,263.0,,,,False,False,False,False,False,False,"['#fyp', '#viraliza', '#country', '#cowgirl', '#country']",2026-04-09 22:56:40
https://www.tiktok.com/@thainag1/video/7593896226957937938,,Turquoise has my heart #country #cowgirl #western ,44100,137.0,,,,False,False,False,False,False,False,"['#country', '#cowgirl', '#western']",2026-04-09 22:56:47
https://www.tiktok.com/@s1nklit/video/7544495046427512072,,#sinklit #smalltown #townaesthetic #fallaesthetic #foryou,504400,2033.0,,,,False,False,False,False,False,False,"['#sinklit', '#smalltown', '#townaesthetic', '#fallaesthetic', '#foryou']",2026-04-09 22:56:55
https://www.tiktok.com/@canadianvibes_1/video/7407309962927426848,,#🇨🇦 #canada #canadalife #dream #fy #foryourpage #vibes ,170200,1475.0,,,,False,True,False,False,False,False,"['#🇨🇦', '#canada', '#canadalife', '#dream', '#fy', '#foryourpage', '#vibes']",2026-04-09 22:57:03
https://www.tiktok.com/@bobbiedel/video/7625847405279300877,,#western #aesthetic #country #alternative ,248800,1708.0,,,,False,False,False,False,False,False,"['#western', '#aesthetic', '#country', '#alternative']",2026-04-09 22:57:11
https://www.tiktok.com/@secret_spz/video/7615413983985536287,,#western #countrylife #aesthetic #country ,1677,27.0,,,,False,False,False,False,False,False,"['#western', '#countrylife', '#aesthetic', '#country']",2026-04-09 22:57:18
https://www.tiktok.com/@_aesthetc.core/video/7616874166163164424,,"aesthetic 🥀✨
#aesthetic #cottagecore #animalslover #fy #animais ",53700,195.0,,,,False,False,False,False,False,False,"['#aesthetic', '#cottagecore', '#animalslover', '#fy', '#animais']",2026-04-09 22:57:26
https://www.tiktok.com/@fieldsandfeels/video/7626227614792944910,,#countrytok #country #countrymusic #aesthetic #fyp ,3240,3.0,,,,False,False,False,False,False,False,"['#countrytok', '#country', '#countrymusic', '#aesthetic', '#fyp']",2026-04-09 22:57:38
https://www.tiktok.com/@f1lmvibe/video/7333763516161166624,,"take me home🌵☀️🐎🤠

#edit #omgpage #pageedit #foryoupage #fypシ #viral ",135600,381.0,,,,False,False,False,False,False,False,"['#edit', '#omgpage', '#pageedit', '#foryoupage', '#fypシ', '#viral']",2026-04-09 22:57:46
https://www.tiktok.com/@th0mascarpenter/video/7241004158348823834,,📍Old Winchester Hill #hampshire #england #oldwinchesterhill ,671800,2301.0,,,,False,False,False,False,False,False,"['#hampshire', '#england', '#oldwinchesterhill']",2026-04-09 22:57:54
https://www.tiktok.com/@luvthepr3ttiez/video/7612836745993833741,,i already know most of the countries in general (ik about 150) but now im learning all the flagss ,25900,630.0,,,,False,True,False,False,False,False,[],2026-04-09 22:58:01
https://www.tiktok.com/@ng16.pound/video/7626266110115007766,,"🙏Country adventures🙏
-
-
-
#fyp #edit #country #view #vibe ",269,2.0,,,,False,True,False,False,False,False,"['#fyp', '#edit', '#country', '#view', '#vibe']",2026-04-09 22:58:09
https://www.tiktok.com/@lombardi_gi/video/7606117689811143957,,O agro é tudo 🤘🏻🤠 #zootecnia #agro #agropecuaria #countrybrasil #CapCut ,76000,84.0,,,,False,False,False,False,False,False,"['#zootecnia', '#agro', '#agropecuaria', '#countrybrasil', '#CapCut']",2026-04-09 22:58:14
https://www.tiktok.com/@angeeeel.22/video/7419224948570623265,,#country #countryaesthetic #western #70s #route66 #us ,7936,26.0,,,,False,False,False,False,False,False,"['#country', '#countryaesthetic', '#western', '#70s', '#route66', '#us']",2026-04-09 22:58:22
https://www.tiktok.com/@chaudharyyyy5/video/7519756592812789010,,"My Dream Country Turkey ❤️💕
#fy #fyp #fypシ #fypシ゚viral #foryou ",8673,121.0,,,,False,False,False,False,False,False,"['#fy', '#fyp', '#fypシ', '#fypシ゚viral', '#foryou']",2026-04-09 22:58:31
https://www.tiktok.com/@beautifulnature370/video/7539985710653181192,,All country beautiful place #fyp #viral #trending #shorts #video ,883,72.0,,,,False,False,False,False,False,False,"['#fyp', '#viral', '#trending', '#shorts', '#video']",2026-04-09 22:58:43
https://www.tiktok.com/@kamilapinheirohh/video/7512133966867008774,,#treend #country,37500,31.0,,,,False,False,False,False,False,False,"['#treend', '#country']",2026-04-09 22:58:49
https://www.tiktok.com/@how.to.make.asthetic/video/6996325113918475525,,,77,0.0,,,,False,False,False,False,False,False,[],2026-04-09 22:58:57
https://www.tiktok.com/@pinterestt.giirll/video/7621536411925105952,,just traveling the world #moodboard #aesthetic #countries #fy #travel ,4117,2.0,,,,False,False,False,False,False,False,"['#moodboard', '#aesthetic', '#countries', '#fy', '#travel']",2026-04-09 22:59:06
https://www.tiktok.com/@lucascookkk24/video/7624340937761705237,,#fyp #foryou #aesthetic #country #texas,22,1.0,,,,False,False,False,False,False,False,"['#fyp', '#foryou', '#aesthetic', '#country', '#texas']",2026-04-09 22:59:14
https://www.tiktok.com/@k..0ra/video/7545122222420069645,,#carribean #fyp #home ,462,12.0,,,,False,False,False,False,False,False,"['#carribean', '#fyp', '#home']",2026-04-09 22:59:22
https://www.tiktok.com/@victoriawhl/video/7266868606955195681,,#cowgirl #country #usa #aupair ,21800,220.0,,,,False,False,False,False,False,False,"['#cowgirl', '#country', '#usa', '#aupair']",2026-04-09 22:59:29
https://www.tiktok.com/@foruaest/video/7619851893107379478,,"That’s where I belong…

#aestheticvideos #lyrics #relate #countrygirl #countryside ",54300,31.0,,,,False,False,False,False,False,False,"['#aestheticvideos', '#lyrics', '#relate', '#countrygirl', '#countryside']",2026-04-09 22:59:40
https://www.tiktok.com/@grapecandy4/video/6875512547198504198,,#viral #fyp #country #southkorea #korea #seoul #korean ,151900,1713.0,,,,False,False,False,False,False,False,"['#viral', '#fyp', '#country', '#southkorea', '#korea', '#seoul', '#korean']",2026-04-09 22:59:49
https://www.tiktok.com/@akrahl/video/7555502659759770910,,Making more of a point to find the good in the small things that make me happy. ,167400,210.0,,,,False,False,False,False,False,False,[],2026-04-09 22:59:55
https://www.tiktok.com/@polish.han/video/7589017445403282710,,My home country 🫶🫶 #home #country #homecountry #fyp #polska,697,3.0,,,,False,False,False,False,False,False,"['#home', '#country', '#homecountry', '#fyp', '#polska']",2026-04-09 23:00:03
https://www.tiktok.com/@blueribbonsparkler/video/7573367480794500383,,"🌞🐄

#vintage #moodboard #countryaesthetic #southern #aesthetic ",145400,349.0,,,,False,False,False,False,False,False,"['#vintage', '#moodboard', '#countryaesthetic', '#southern', '#aesthetic']",2026-04-09 23:00:10
https://www.tiktok.com/@ricardinuaii/video/7617249998484360466,,#country ,29300,88.0,,,,False,False,False,False,False,False,['#country'],2026-04-09 23:00:19
https://www.tiktok.com/@fenekot_music/video/7620778195616304414,,History of countries 😳 #countries #countryballs ,209800,7389.0,,,,False,False,False,False,False,False,"['#countries', '#countryballs']",2026-04-09 23:00:30
https://www.tiktok.com/@thatscountrycore/video/7616476605686271262,,Oh to be sitting on my front porch sipping some coffee rn #moodboard #relationships #countrymusic #countryaesthetic #lovesongs ,6432,9.0,,,,False,False,False,False,False,False,"['#moodboard', '#relationships', '#countrymusic', '#countryaesthetic', '#lovesongs']",2026-04-09 23:00:39
https://www.tiktok.com/@fffqq021/video/7515453219418426642,,#belarus #aesthetic #беларусь #country #fup ,3949,50.0,,,,False,False,False,False,False,False,"['#belarus', '#aesthetic', '#беларусь', '#country', '#fup']",2026-04-09 23:00:45
https://www.tiktok.com/@clefsir/video/7536582451141823775,,#foryou #fyp #moodboard #pinterest #edit #moodboardaesthetic #foryoupage #aesthetic #country #countryroads #countryroadstakemehome ,11400,19.0,,,,False,True,False,False,False,False,"['#foryou', '#fyp', '#moodboard', '#pinterest', '#edit', '#moodboardaesthetic', '#foryoupage', '#aesthetic', '#country', '#countryroads', '#countryroadstakemehome']",2026-04-09 23:00:52
https://www.tiktok.com/@thebestaccaesthetic/video/7209779536290942213,,🇮🇹 #italy #italyaesthetic #italygirl #countryaesthetic #foryou ,262,2.0,,,,False,False,False,False,False,False,"['#italy', '#italyaesthetic', '#italygirl', '#countryaesthetic', '#foryou']",2026-04-09 23:01:03
https://www.tiktok.com/@nayaa__oo/video/7397772796140506389,,#aesthetic#Japan #greenaesthetic #japanesecountryside #iimirei ,4400000,23100.0,,,,False,False,False,False,False,False,"['#aesthetic', '#Japan', '#greenaesthetic', '#japanesecountryside', '#iimirei']",2026-04-09 23:01:09
https://www.tiktok.com/@biancandradee1/video/7619712900185246984,,"rodeiou 

#transicao #country #rodeio #look ",4622,14.0,,,,False,False,False,False,False,False,"['#transicao', '#country', '#rodeio', '#look']",2026-04-09 23:01:15
https://www.tiktok.com/@countryheritage22/video/7606599954286660878,,Every order matters 🌾 ❤️#georgestrait #aesthetic #vibes ,6285,1264.0,,,,False,False,False,False,False,False,"['#georgestrait', '#aesthetic', '#vibes']",2026-04-09 23:01:24
https://www.tiktok.com/@butterfly201049/video/7525048604705164600,,🤎🍓 #aesthetic #girls #country #vibes #cowgirl #fazenda #foryoupage ,745,6.0,,,,False,False,False,False,False,False,"['#aesthetic', '#girls', '#country', '#vibes', '#cowgirl', '#fazenda', '#foryoupage']",2026-04-09 23:01:30
https://www.tiktok.com/@sanctabi/video/7612007943894043926,,"wish you were mine 
#aesthetic #nature #traditional #europe #countryside ",1615,7.0,,,,False,True,False,False,False,False,"['#aesthetic', '#nature', '#traditional', '#europe', '#countryside']",2026-04-09 23:01:36
https://www.tiktok.com/@sweetuumms/video/7584539128428055820,,"this...

#countrylife #countryside #countryliving #countryaesthetic ",0,0.0,,,,False,False,False,False,False,False,"['#countrylife', '#countryside', '#countryliving', '#countryaesthetic']",2026-04-09 23:01:45
https://www.tiktok.com/@chxfuyue/video/7624712812857724178,,"no millenial grey in sight! can you tell i miss cagayan already😕 the breeze was so cool
.
.
.
.
.
.
.
.
#countryside #relatable #aesthetic #ghibli #quietlife ",173000,77.0,,,,False,True,False,False,False,False,"['#countryside', '#relatable', '#aesthetic', '#ghibli', '#quietlife']",2026-04-09 23:01:55
https://www.tiktok.com/@xiaohongshu_vids/video/7451001312080088353,,"Quite breeze 

#quiet #peaceful #view #evening #night #aesthetic #winds #breeze ",25300,78.0,,,,False,False,False,False,False,False,"['#quiet', '#peaceful', '#view', '#evening', '#night', '#aesthetic', '#winds', '#breeze']",2026-04-09 23:02:06
https://www.tiktok.com/@thescentofsummernights/video/7606387114191654166,,Route 66 aestetic #texas #route66 #aestetic #america #cowboy ,61800,192.0,,,,False,False,False,False,False,False,"['#texas', '#route66', '#aestetic', '#america', '#cowboy']",2026-04-09 23:02:14
https://www.tiktok.com/@naturewhispersss/video/7408296661186776352,,"A peaceful green farm under moody, cloudy skies, with rain on the way. Nature at its finest 🌧️🌿",8544,76.0,,,,False,False,False,False,False,False,[],2026-04-09 23:02:20
https://www.tiktok.com/@gui_rztt/video/7495153202283810054,,Ksksksks #fyyyyyyyyyyyyyyyy #brasil🇧🇷 #livephoto #ariat #conteudo ,67700,414.0,,,,False,False,False,False,False,False,"['#fyyyyyyyyyyyyyyyy', '#brasil🇧🇷', '#livephoto', '#ariat', '#conteudo']",2026-04-09 23:02:31
https://www.tiktok.com/@numarchi/video/7595935502637763847,,Minha música com nosso tão famoso look country #foryou #foyer ,33300,137.0,,,,False,False,False,False,False,False,"['#foryou', '#foyer']",2026-04-09 23:02:37
https://www.tiktok.com/@scarredbyu/video/7565890008117185822,,country dilfs will be the end of me #fypシ #oldermen #foryou ,95300,637.0,,,,False,False,False,False,False,False,"['#fypシ', '#oldermen', '#foryou']",2026-04-09 23:02:47
https://www.tiktok.com/@ywesa9/video/7379142981728652550,,#Brazil #COUNTRY #AESTHETIC #loveit #LOVE #dream #trip ,148800,415.0,,,,False,False,False,False,False,False,"['#Brazil', '#COUNTRY', '#AESTHETIC', '#loveit', '#LOVE', '#dream', '#trip']",2026-04-09 23:02:57
https://www.tiktok.com/@tarafoster1111/video/7371566989069913386,,#fypシ゚viral #fypage #fyppppppppppppppppppppppp #country ,44,5.0,,,,False,False,False,False,False,False,"['#fypシ゚viral', '#fypage', '#fyppppppppppppppppppppppp', '#country']",2026-04-09 23:03:07
https://www.tiktok.com/@jpeggia/video/7503636587528375595,,see you later #digitalcamera #countryside #farm #farmhouse #aesthetic #country #cottagecore #nature ,5298,13.0,,,,False,False,False,False,False,False,"['#digitalcamera', '#countryside', '#farm', '#farmhouse', '#aesthetic', '#country', '#cottagecore', '#nature']",2026-04-09 23:03:15
https://www.tiktok.com/@simple.days123/video/7606533517153013005,,With nowhere to be 🍅🍃 #summervibes #summeraesthetic ,1620,8.0,,,,False,False,False,False,False,False,"['#summervibes', '#summeraesthetic']",2026-04-09 23:03:26
https://www.tiktok.com/@ibeforeyou/video/7179646767242284314,,Country life>>>> #country #countrylife #aesthetic #nature #fyp #fypシ ,79400,249.0,,,,False,False,False,False,False,False,"['#country', '#countrylife', '#aesthetic', '#nature', '#fyp', '#fypシ']",2026-04-09 23:03:35
https://www.tiktok.com/@pintsizedbeauty/video/7614192605198355734,,Spring in the english countryside 🌸👒🪿 #countrycottage ,32299,122.0,,,,False,False,False,False,False,False,['#countrycottage'],2026-04-09 23:03:46
https://www.tiktok.com/@pintsizedbeauty/video/7609753158864080150,,Mentally I’m here - in the countryside surrounded by flowers 🌸🍃👒 ,2746,15.0,,,,False,False,False,False,False,False,[],2026-04-09 23:03:54
https://www.tiktok.com/@xx_2000sinspo_xx/video/7623937552218721549,,#ireland #aesthetic #fyp #trend #targetaudience ,777,12.0,,,,False,False,False,False,False,False,"['#ireland', '#aesthetic', '#fyp', '#trend', '#targetaudience']",2026-04-09 23:04:05
https://www.tiktok.com/@sambettenshq/video/7626733258398534943,,#countrytok #aesthetic #fyp #nature #countrymusic ,6,0.0,,,,False,False,False,False,False,False,"['#countrytok', '#aesthetic', '#fyp', '#nature', '#countrymusic']",2026-04-09 23:04:16
https://www.tiktok.com/@me1rzhan_ona1bek/video/7616434911091641618,,"#CapCut Kazakhstan is a country with a very rich and diverse nature 🌿. Its territory includes vast steppes, mountains, deserts, rivers and lakes.

1. Relief",80800,1752.0,,,,False,False,False,False,False,False,['#CapCut'],2026-04-09 23:04:25
https://www.tiktok.com/@usa_canada1/video/7545545514138275095,,American Neighborhood #🇺🇸 #usa🇺🇸 #usavibes ,401900,3558.0,,,,False,False,False,False,False,False,"['#🇺🇸', '#usa🇺🇸', '#usavibes']",2026-04-09 23:04:36
https://www.tiktok.com/@licciy/video/6995599103942085893,,golden summer breeze 🌾 #sunset #countryside #fyp #foryou,52700,443.0,,,,False,False,False,False,False,False,"['#sunset', '#countryside', '#fyp', '#foryou']",2026-04-09 23:04:44
https://www.tiktok.com/@rebfitz14/video/7599069128959282440,,"The best backyard 💚

#farmlife #horse #foal #horsefarm ",553300,975.0,,,,False,False,False,False,False,False,"['#farmlife', '#horse', '#foal', '#horsefarm']",2026-04-09 23:04:51
https://www.tiktok.com/@glengarry.adventures_/video/7405157386538716417,,You get what you work for. #blowthisup #viral #foryou #foryoupage ,110100,109.0,,,,False,False,False,False,False,False,"['#blowthisup', '#viral', '#foryou', '#foryoupage']",2026-04-09 23:04:59
https://www.tiktok.com/@lauravlogsz/video/7621159796099599646,,#poor #south #country #aesthetic #edit #southern #america #fyp #nostalgic ,36,0.0,,,,False,False,False,False,False,False,"['#poor', '#south', '#country', '#aesthetic', '#edit', '#southern', '#america', '#fyp', '#nostalgic']",2026-04-09 23:05:08
https://www.tiktok.com/@syph.ae/video/7465081400027450670,,The Yellowstone Ranch | Yellowstone Edit | #yellowstonetv #yellowstone #yellowstoneedit #duttonranch #kevincostner ,232400,524.0,,,,False,False,False,False,False,False,"['#yellowstonetv', '#yellowstone', '#yellowstoneedit', '#duttonranch', '#kevincostner']",2026-04-09 23:05:15
https://www.tiktok.com/@ourfriendlyfarmhouse/video/7106315061785824558,,Summer evenings of fireflies and cows and crickets and dreams🌙🐞🐄 ,323100,2389.0,,,,False,False,False,False,False,False,[],2026-04-09 23:05:26
https://www.tiktok.com/@annaelisabacc/video/7609470189393972510,,"cowgirl aesthetics, latina soul #countrymusic #latina #fashion ",1565,28.0,,,,False,False,False,False,False,False,"['#countrymusic', '#latina', '#fashion']",2026-04-09 23:05:32
https://www.tiktok.com/@swurpbysza69/video/7614656278954069262,,#summer #farmlife #aesthetic #moodboard #fyp,1409,10.0,,,,False,False,False,False,False,False,"['#summer', '#farmlife', '#aesthetic', '#moodboard', '#fyp']",2026-04-09 23:06:18
https://www.tiktok.com/@1heartzyurii/video/7526257312802098454,,"💌 

#korea #korean #goingtokorea #letsgotokorea #nevercomeback #vacation #home #homecountry #aesthetic #koreaaesthetic",83600,3233.0,,,,False,False,False,False,False,False,"['#korea', '#korean', '#goingtokorea', '#letsgotokorea', '#nevercomeback', '#vacation', '#home', '#homecountry', '#aesthetic', '#koreaaesthetic']",2026-04-09 23:06:24
https://www.tiktok.com/@meganhassell01/video/7540082858568748343,,"80s & 90s country forever 

#pinterestaesthetic #90scountry ",7879,21.0,,,,False,False,False,False,False,False,"['#pinterestaesthetic', '#90scountry']",2026-04-09 23:06:33
https://www.tiktok.com/@my_dear_luv/video/7614664696376937742,,#country #countryside #countrylife #aesthetic #viral,5,0.0,,,,False,False,False,False,False,False,"['#country', '#countryside', '#countrylife', '#aesthetic', '#viral']",2026-04-09 23:06:41
https://www.tiktok.com/@cherryis_aesthetic/video/7625360863527980319,,🐮🌾☀️#summer #southern #thesouth #country #aesthetic,2215,9.0,,,,False,False,False,False,False,False,"['#summer', '#southern', '#thesouth', '#country', '#aesthetic']",2026-04-09 23:06:51
https://www.tiktok.com/@elizabethope__/video/7546270728950222094,,old farm town and simple living #zachbryan #lyrics #edits #fyp ,307300,417.0,,,,False,False,False,False,False,False,"['#zachbryan', '#lyrics', '#edits', '#fyp']",2026-04-09 23:06:57
https://www.tiktok.com/@kaylainyvrobadel/video/7616826659399945480,,#fyyy #trend #foryou #country #ia ,739,17.0,,,,False,False,False,False,False,False,"['#fyyy', '#trend', '#foryou', '#country', '#ia']",2026-04-09 23:07:05
https://www.tiktok.com/@cupidxsaturn/video/7353651344571387168,,#western #america #usa #wyoming #montana #country #ranch #horses #aesthetic #pinterest ,55900,112.0,,,,False,False,False,False,False,False,"['#western', '#america', '#usa', '#wyoming', '#montana', '#country', '#ranch', '#horses', '#aesthetic', '#pinterest']",2026-04-09 23:07:13
https://www.tiktok.com/@deine.srbkinja/video/7598221308702280982,,"literally why cant we live there🙏
#fyp #viral #blowup #balkan ",10800,243.0,,,,False,False,False,False,False,False,"['#fyp', '#viral', '#blowup', '#balkan']",2026-04-09 23:07:25
https://www.tiktok.com/@juuaniisso9/video/7399058954837331206,,i love italy 🇮🇹 | #italy #country #aeshteticitaly #aesthetic #girl ,2558,2.0,,,,False,False,False,False,False,False,"['#italy', '#country', '#aeshteticitaly', '#aesthetic', '#girl']",2026-04-09 23:07:34
https://www.tiktok.com/@yasminmartinezs/video/7595747857068477703,,#fyp #viral #fy #country #mulherdepreso🔓🕊👫💍 ,186800,632.0,,,,False,False,False,False,False,False,"['#fyp', '#viral', '#fy', '#country', '#mulherdepreso🔓🕊👫💍']",2026-04-09 23:07:41
https://www.tiktok.com/@k.marie.martin/video/7603078145142459678,,I live for early 2000’s country…,114600,563.0,,,,False,False,False,False,False,False,[],2026-04-09 23:07:50
https://www.tiktok.com/@capu_bar_/video/7265299382994586912,,Indonesian culture.❤🤍,557,50.0,,,,False,False,False,False,False,False,[],2026-04-09 23:07:58
https://www.tiktok.com/@lushberrytwist/video/7515575214298647864,,#westcol #country #countryroads #cowgirl #countrymusic #home #oldwest #californiadreaming #horse #aesthetic #cowboy #countrylife #mytype ,83500,84.0,,,,False,True,False,False,False,False,"['#westcol', '#country', '#countryroads', '#cowgirl', '#countrymusic', '#home', '#oldwest', '#californiadreaming', '#horse', '#aesthetic', '#cowboy', '#countrylife', '#mytype']",2026-04-09 23:08:05
https://www.tiktok.com/@lifeonislandestates/video/7558646727977274638,,"Fall sunsets like these are our favorite 😍 
•
•
•
#countrylife ",18600,62.0,,,,False,False,False,False,False,False,['#countrylife'],2026-04-09 23:08:13
https://www.tiktok.com/@lushberrytwist/video/7514092661050019078,,Dream                                               #westcol #cowgirl #country #countrymusic #countryroads #home #oldwest #california #californiadreaming ,306700,329.0,,,,False,True,False,False,False,False,"['#westcol', '#cowgirl', '#country', '#countrymusic', '#countryroads', '#home', '#oldwest', '#california', '#californiadreaming']",2026-04-09 23:08:22
https://www.tiktok.com/@choosefreedomliving/video/7130000153540332806,,Golden Hour 🌞🌙 #cornwall #englishcountryside #nature #walking ,4848,50.0,,,,False,False,False,False,False,False,"['#cornwall', '#englishcountryside', '#nature', '#walking']",2026-04-09 23:08:30
https://www.tiktok.com/@noraaa_060/video/7623439928365501709,,#europetour #Switzerland #RelaxingViews #TravelDreams #Explore,107,5.0,,,,False,False,False,False,False,False,"['#europetour', '#Switzerland', '#RelaxingViews', '#TravelDreams', '#Explore']",2026-04-09 23:08:41
https://www.tiktok.com/@nhan.smarttrend/video/7623792620552129813,,"Classic Country Music Timeless 60s, 70s, 80s

#NhanSmartTrend #nhacdongque ",494,23.0,,,,False,False,False,False,False,False,"['#NhanSmartTrend', '#nhacdongque']",2026-04-09 23:08:48
https://www.tiktok.com/@flop5963/video/7591951669764672800,,And everyone thinks it’s a country with no history…#ukraine🇺🇦 ,495,21.0,,,,False,False,False,False,False,False,['#ukraine🇺🇦'],2026-04-09 23:09:01
https://www.tiktok.com/@thebohemiantravel/video/7505422194252598534,,#texas #texastodo #texasgirl #texaslife #texascountry ,227200,911.0,,,,False,False,False,False,False,False,"['#texas', '#texastodo', '#texasgirl', '#texaslife', '#texascountry']",2026-04-09 23:09:10
https://www.tiktok.com/@clickbait060/video/7589616116536806687,,"A country where men are rarer than gold 🥇💎 Welcome to Lithuania 🇱🇹✨ Beautiful women, stunning landscapes, historic castles, and a gender gap so wide that guys live like kings 👑🔥 Would you take your chances here? 😉 Comment if you want me to reveal more countries like this 🌍👇  ",400,6.0,,,,False,False,False,False,False,False,[],2026-04-09 23:09:17
https://www.tiktok.com/@leah.daydreaming/video/7611227338956705046,,#cowgirl #country #western #moodbord #countryroads ,94700,78.0,,,,False,True,False,False,False,False,"['#cowgirl', '#country', '#western', '#moodbord', '#countryroads']",2026-04-09 23:09:28
https://www.tiktok.com/@sznsofyou/video/7519605707793009934,,"me in another life 

#fyp #wildwest
#westernaesthetic #cowgirl ",905,3.0,,,,False,False,False,False,False,False,"['#fyp', '#wildwest', '#westernaesthetic', '#cowgirl']",2026-04-09 23:09:34
https://www.tiktok.com/@jxjxcagal/video/6927222205847784706,,#fyp #fypシ #recommendations #vibe #aesthetic #country,689,9.0,,,,False,False,False,False,False,False,"['#fyp', '#fypシ', '#recommendations', '#vibe', '#aesthetic', '#country']",2026-04-09 23:09:46
https://www.tiktok.com/@th0mascarpenter/video/7238693907398200602,,📍Old Winchester Hill #hampshire #england #oldwinchesterhill ,596400,2181.0,,,,False,False,False,False,False,False,"['#hampshire', '#england', '#oldwinchesterhill']",2026-04-09 23:09:54
https://www.tiktok.com/@itssoprettytoday/video/7624573358377667854,,take me hereeeee #sweden #moodboard #fyp #pinterest ,118,0.0,,,,False,False,False,False,False,False,"['#sweden', '#moodboard', '#fyp', '#pinterest']",2026-04-09 23:10:00
https://www.tiktok.com/@hevcfile/video/7416804384404720929,,"I’ve been there one time, (i was born there💀) #aftereffects #edit #southkorea #koreaaesthetic #countryedit #kpop #fyp #viral ",133100,1482.0,,,,False,False,False,False,False,False,"['#aftereffects', '#edit', '#southkorea', '#koreaaesthetic', '#countryedit', '#kpop', '#fyp', '#viral']",2026-04-09 23:10:09
https://www.tiktok.com/@r3public_vd/video/7535622261743652152,,"🤌🏼
#lookcountryfeminino #cowgirlfashion #fyp #foryoupage ",26500,58.0,,,,False,False,False,False,False,False,"['#lookcountryfeminino', '#cowgirlfashion', '#fyp', '#foryoupage']",2026-04-09 23:10:15
https://www.tiktok.com/@mendes.layla_/video/7393874792144817413,,O que nois vai fazer no mato? 😳#bruta #foryou #viral ,51600,452.0,,,,False,False,False,False,False,False,"['#bruta', '#foryou', '#viral']",2026-04-09 23:10:25
https://www.tiktok.com/@moods.motivation/video/7467687401066892587,,"please take me here

 #countrylife #country #countryliving #countryaesthetic #farm ",1231,12.0,,,,False,False,False,False,False,False,"['#countrylife', '#country', '#countryliving', '#countryaesthetic', '#farm']",2026-04-09 23:10:33
https://www.tiktok.com/@kaitrubino/video/7492423715871821102,,"is it hydrangea season yet? 🌸

#newenglandsummer ",365300,659.0,,,,False,False,False,False,False,False,['#newenglandsummer'],2026-04-09 23:10:43
https://www.tiktok.com/@kwerxwet/video/7593329231539621133,,thailand #thailand #thai #thailand🇹🇭 #aesthetic #vibe #travel #soul #edit #on  #fyp #mycountry #таиланд ,266000,542.0,,,,False,False,False,False,False,False,"['#thailand', '#thai', '#thailand🇹🇭', '#aesthetic', '#vibe', '#travel', '#soul', '#edit', '#on', '#fyp', '#mycountry', '#таиланд']",2026-04-09 23:10:49
https://www.tiktok.com/@kokolaka/video/7557629082654100758,,#ukraine #ukraineculture #rareaesthetic #fyp #україна ,73200,1864.0,,,,False,False,False,False,False,False,"['#ukraine', '#ukraineculture', '#rareaesthetic', '#fyp', '#україна']",2026-04-09 23:10:59
https://www.tiktok.com/@gymdollbreeseyy/video/7622083729112059158,,"Cold beer, good vibes, and her—that’s my vibe 🫣 #mytype ",58,1.0,,,,False,False,False,False,False,False,['#mytype'],2026-04-09 23:11:08
https://www.tiktok.com/@applepielvr55/video/7498764468558597407,,craving this life #country #blue #southern #aesthetic #moodboard #fyp ,2691,26.0,,,,False,False,False,False,False,False,"['#country', '#blue', '#southern', '#aesthetic', '#moodboard', '#fyp']",2026-04-09 23:11:15
https://www.tiktok.com/@for4sts/video/7403019631679671557,,"what a beautiful country! 

#japan #osaka #sunset #japanaesthetic ",129500,1147.0,,,,False,False,False,False,False,False,"['#japan', '#osaka', '#sunset', '#japanaesthetic']",2026-04-09 23:11:25
https://www.tiktok.com/@maebaeeee11/video/7452053045984169246,,Let’s ride! #yeehaw #cowgirls #morganwallen #country ,8207,126.0,,,,False,False,False,False,False,False,"['#yeehaw', '#cowgirls', '#morganwallen', '#country']",2026-04-09 23:11:31
https://www.tiktok.com/@aeamericana/video/7221163160995155205,,California in the 60s/70s #california #60s #70s #californiavibes #losangeles #foryoupage #xyzbca #fouryou #southern #western,305500,1502.0,,,,False,False,False,False,False,False,"['#california', '#60s', '#70s', '#californiavibes', '#losangeles', '#foryoupage', '#xyzbca', '#fouryou', '#southern', '#western']",2026-04-09 23:11:42
https://www.tiktok.com/@mazin_17/video/7444313241167219990,,most beautiful country in the world #fyp #fy #vaiprofycaramba #viral  #edit #portugal #portugal🇵🇹 #🇵🇹 #europe #aesthetic ,909,14.0,,,,False,False,False,False,False,False,"['#fyp', '#fy', '#vaiprofycaramba', '#viral', '#edit', '#portugal', '#portugal🇵🇹', '#🇵🇹', '#europe', '#aesthetic']",2026-04-09 23:11:49
https://www.tiktok.com/@historylovverr/video/7613719263081237767,,oh to live like that  #westernaesthetic #cowboyaesthetic #usa #countrylove #aesthetic ,85500,138.0,,,,False,False,False,False,False,False,"['#westernaesthetic', '#cowboyaesthetic', '#usa', '#countrylove', '#aesthetic']",2026-04-09 23:11:55
https://www.tiktok.com/@mendes.layla_/video/7602396869871832327,,👀🤠#foryou #country ,88100,204.0,,,,False,False,False,False,False,False,"['#foryou', '#country']",2026-04-09 23:12:06
https://www.tiktok.com/@theorealstarg1rl/video/7619417434692422935,,so beautiful #targetaudience #moodboardaesthetic #viral_video #countryside #pinterest ,1426,8.0,,,,False,False,False,False,False,False,"['#targetaudience', '#moodboardaesthetic', '#viral_video', '#countryside', '#pinterest']",2026-04-09 23:12:15
https://www.tiktok.com/@nayaa__oo/video/7417042611321588999,,#aesthetic#Japan #greenaesthetic #japanesecountryside #iimirei ,202300,3725.0,,,,False,False,False,False,False,False,"['#aesthetic', '#Japan', '#greenaesthetic', '#japanesecountryside', '#iimirei']",2026-04-09 23:12:26
https://www.tiktok.com/@user2847402730/video/7563369985133907222,,#cowgirlboots #cowgirlaesthetic #cowgirlcheck #western ,52200,26.0,,,,False,False,False,False,False,False,"['#cowgirlboots', '#cowgirlaesthetic', '#cowgirlcheck', '#western']",2026-04-09 23:12:35
https://www.tiktok.com/@juniipermay/video/7239087751990234395,,🪴🫶🏻🪴🫶🏻  #nature #outdoors #naturevibes #natureaesthetic ,22400,86.0,,,,False,False,False,False,False,False,"['#nature', '#outdoors', '#naturevibes', '#natureaesthetic']",2026-04-09 23:12:47
https://www.tiktok.com/@madison_findlay_104/video/7528649356354866463,,The view from my home away from home. I never want to leave this beautiful place.,229600,3.0,,,,False,False,False,False,False,False,[],2026-04-09 23:12:58
https://www.tiktok.com/@luccadiproenca/video/7580813713884679442,,Centro Oeste do Brasil #centrooeste #brasil #cowboylife #aesthetic ,316,13.0,,,,False,False,False,False,False,False,"['#centrooeste', '#brasil', '#cowboylife', '#aesthetic']",2026-04-09 23:13:04
https://www.tiktok.com/@sunniemo0n/video/7603061349417012502,,#britishcountryside #fyp #aesthetics ,1585,3.0,,,,False,False,False,False,False,False,"['#britishcountryside', '#fyp', '#aesthetics']",2026-04-09 23:13:11
https://www.tiktok.com/@...........honeyblisss/video/6896317897497382149,,Reply to @irisbethsi #greenscreen #honeyblissss #fyp #aesthetic ,357,15.0,,,,False,False,False,False,False,False,"['#greenscreen', '#honeyblissss', '#fyp', '#aesthetic']",2026-04-09 23:13:20
https://www.tiktok.com/@comfyvidsforu/video/7517097961000684814,,Country core #countryaesthetic #countrycore #country #aesthetic #cowgirl ,196,1.0,,,,False,False,False,False,False,False,"['#countryaesthetic', '#countrycore', '#country', '#aesthetic', '#cowgirl']",2026-04-09 23:13:30
https://www.tiktok.com/@blissfilmedit/video/7411651450255723819,,i will miss this summer #foryoupage #sunset #cinematography ,114400,169.0,,,,False,False,False,False,False,False,"['#foryoupage', '#sunset', '#cinematography']",2026-04-09 23:13:39
https://www.tiktok.com/@countrycasa/video/7479298079192010014,,This account is now a testament of the peace I feel at home🫀Gracias a Dios por todas sus bendiciones 🫶🏽 ,1141,9.0,,,,False,False,False,False,False,False,[],2026-04-09 23:13:50
https://www.tiktok.com/@tefiitte/video/7538608325424942341,,🇧🇷 #brasil #fy #moodboard #pinterest #aesthetic ,156700,1350.0,,,,False,False,False,False,False,False,"['#brasil', '#fy', '#moodboard', '#pinterest', '#aesthetic']",2026-04-09 23:13:56
https://www.tiktok.com/@brandiij33/video/7551805916681719095,,"Entering Country Girl

#cowgirl #countrygirl #countrytok ",15500,277.0,,,,False,False,False,False,False,False,"['#cowgirl', '#countrygirl', '#countrytok']",2026-04-09 23:14:04
https://www.tiktok.com/@moqaice/video/7351889488240594209,,i lived here in a past life . #country #edit #countrylife #western ,3186,6.0,,,,False,False,False,False,False,False,"['#country', '#edit', '#countrylife', '#western']",2026-04-09 23:14:10
https://www.tiktok.com/@susiefilms/video/7209847984043953414,,spring is coming 🌸 #northyorkshire #countrylife #nature ,787300,5295.0,,,,False,False,False,False,False,False,"['#northyorkshire', '#countrylife', '#nature']",2026-04-09 23:14:18
https://www.tiktok.com/@citytrix/video/7614208780678565128,,Ukrainian Nature / Carpathian Mountains - edit #україна #ukraine #nature #country ,100600,1639.0,,,,False,False,False,False,False,False,"['#україна', '#ukraine', '#nature', '#country']",2026-04-09 23:14:29
https://www.tiktok.com/@somebodylover1/video/7460954436186295582,,#fypシ #fypシ゚viral #countrygirl #preppy #countryaesthetic  #c,3266,65.0,,,,False,False,False,False,False,False,"['#fypシ', '#fypシ゚viral', '#countrygirl', '#preppy', '#countryaesthetic']",2026-04-09 23:14:36
https://www.tiktok.com/@keilaschafraooficial/video/7408900062920592646,,"Nem é meme hahaha🤣

#vaiprafyyyyyyyyyy🤡🤝 #fypシ #humor ",50400,96.0,,,,False,False,False,False,False,False,"['#vaiprafyyyyyyyyyy🤡🤝', '#fypシ', '#humor']",2026-04-09 23:14:44
https://www.tiktok.com/@moonlightdrive_/video/7544449178861128968,,Someone had to make this #fypシ゚ ,597500,15400.0,,,,False,True,False,False,False,False,['#fypシ゚'],2026-04-09 23:14:53
https://www.tiktok.com/@thehamerston/video/7614580821604699414,,"British Countryside >>

#richaesthetic #oldmoney #englishcountryside #london #richlifestyle ",2925,9.0,,,,False,False,False,False,False,False,"['#richaesthetic', '#oldmoney', '#englishcountryside', '#london', '#richlifestyle']",2026-04-09 23:15:02
https://www.tiktok.com/@hellofrom_miaverse/video/7460772944025799956,,"Cottagecore Outfit Ideas || 006 🌸

#hellofrom_miaverse #outfitideas ",17100,150.0,,,,False,False,False,False,False,False,"['#hellofrom_miaverse', '#outfitideas']",2026-04-09 23:15:13
https://www.tiktok.com/@country.tune.s/video/7626195215480655118,,best vibe #tylerchilders #countrymusic #aesthetic #western #country,1565,0.0,,,,False,False,False,False,False,False,"['#tylerchilders', '#countrymusic', '#aesthetic', '#western', '#country']",2026-04-09 23:15:23
https://www.tiktok.com/@nicolatagg24/video/7338061239630712097,,Waking up to sunny fields and horses beats living in England🐴 ,13000,31.0,,,,False,False,False,False,False,False,[],2026-04-09 23:15:28
https://www.tiktok.com/@lagoon_ahhh/video/7619533245272640781,,,217700,131.0,,,,False,False,False,False,False,False,[],2026-04-09 23:15:40
https://www.tiktok.com/@secret_spz/video/7619759204953230606,,this life. #country #countryaesthetic #western #fyp ,438,2.0,,,,False,False,False,False,False,False,"['#country', '#countryaesthetic', '#western', '#fyp']",2026-04-09 23:15:47
https://www.tiktok.com/@lushberrytwist/video/7513570822062214456,,Spirit animal.                                       #westcol #cowgirl #country #countrymusic #countryroads #home #oldwest #california #californiadreaming ,33500,27.0,,,,False,True,False,False,False,False,"['#westcol', '#cowgirl', '#country', '#countrymusic', '#countryroads', '#home', '#oldwest', '#california', '#californiadreaming']",2026-04-09 23:15:56
https://www.tiktok.com/@stardeerash/video/7602025038228868407,,"I yearn for this life ⛰️ #countryside #nature #life #aesthethic #applepicking
(Any rdr2 fans friend me pls) ",28000,80.0,,,,False,False,False,False,False,False,"['#countryside', '#nature', '#life', '#aesthethic', '#applepicking']",2026-04-09 23:16:04
https://www.tiktok.com/@rafafrancco/video/7618705658300386580,,Meu novo vício… 👀 @MC PEÃO 🤠🇧🇷 #foryoupage #trend #viral ,34500,130.0,,,,False,False,False,False,False,False,"['#foryoupage', '#trend', '#viral']",2026-04-09 23:16:12
https://www.tiktok.com/@pupiesy/video/7596545400824171806,,i loveee the cowboy aesthetic ! || #fyp #dessert #arizona #cowboys #moodboard ,634,0.0,,,,False,False,False,False,False,False,"['#fyp', '#dessert', '#arizona', '#cowboys', '#moodboard']",2026-04-09 23:16:22
https://www.tiktok.com/@myllena_rodriguess/video/7617876975545240840,,#country #countrywestern ,35500,,,,,False,False,False,False,False,False,"['#country', '#countrywestern']",2026-04-09 23:16:32
