video_link,criador,descricao,likes,comentarios,patrocinado,anuncio,conta_oficial,grupos
https://www.tiktok.com/@homos4hannigram/video/7440180436891897131,,i love spooboo sm! #fyp #lesbiansforwillgraham #corecore ,48200.0,585.0,False,True,False,TWEE
https://www.tiktok.com/@wilsonchangz/video/7554697369137270047,,New appreciation unlocked #edm #hardcore #ravetok #plur #tweekacore ,46.0,1.0,False,True,False,TWEE
https://www.tiktok.com/@juminocore0_4/video/7592610804311084296,,"#WHIMSYTWEE| 𝐍𝖾ω ρⱺ𝗌𝗍 !ㅤ✦ 𝅄 ݁ 「 🐛🐞」 ◌
⏤ㅤ۪ ୧ ۪⠀ׂ ˚꩜｡🍎 : ꒰ ⌗🧷꒱
. ˚⌗ 𓂅 ◌ ° ——🎹 #fyp#whimsytwee #viral#trending #Aesthetic #whimsical ",5753.0,20.0,False,True,False,TWEE
https://www.tiktok.com/@tattoocloud/video/7601657293696044290,,18 dark aesthetic tattoo designs.😈#dark #tattooart #design ,10400.0,36.0,False,True,False,TWEE
https://www.tiktok.com/@kickdramadaily/video/7613749036289756436,,#latina #morningvibes #parati #twerk ,5343.0,113.0,False,True,False,TWEE
https://www.tiktok.com/@098pics/video/7524223103673568530,,#lisa #b19 #tweecore #🍎🍏 ,489.0,4.0,False,True,False,TWEE
https://www.tiktok.com/@bfglowxcc/video/7462119701485817093,,:33 #tweeaesthetic #tweeaestheticoutfit #aesthetic #applecore #tweecore #fyp #watermelonsong #tweeaesthetic ,4881.0,15.0,False,True,False,TWEE
https://www.tiktok.com/@stunnaklip/video/7526601666267811127,,i don’t need u #moodboard #aesthetic #fyp #abcxyz #fypシ ,153600.0,606.0,False,True,False,TWEE
https://www.tiktok.com/@picklebreath23/video/7530394303365942558,,Apple core 🍏🍎#applecore #twee #aesthetic #whimsy #fruitagermetroaesthetic #moodboard #moodboardedit #fyp #idkwhattohashtag #sillycore ,1652.0,29.0,False,True,False,TWEE
https://www.tiktok.com/@whmssy/video/7612659814619041032,,"i ❤️ buttons

#aesthetic #buttons #whimsy #twee #fyp",825.0,5.0,False,True,False,TWEE
https://www.tiktok.com/@weird.girly/video/7543683304478821662,,Very hungry caterpillar edit! I’m so back!!! #whimsytwee #veryhungrycaterpillar #weirdgirlcore #moodboard #tweeaesthetic ,2992.0,11.0,False,True,False,TWEE
https://www.tiktok.com/@loveghost_moon/video/7119891829608254726,,Twitter ideas | #twitter #ideas #parati #aesthetic #UwU,1984.0,5.0,False,True,False,TWEE
https://www.tiktok.com/@tessa_1305/video/7593191383528181005,,such a ball of sunshine and whimsy #whimsical #twee #aesthetics #bsf #bestfriend ,409500.0,2645.0,False,True,False,TWEE
https://www.tiktok.com/@snowiipaww/video/7465504485369072938,,🐞🧵🐛🍓#fyp #twee #tweecore #tweeaesthetic #core #newgirl #weirdgirl #aestheticvideos #xyzbca #tiktok #moodboard ,196.0,3.0,False,True,False,TWEE
https://www.tiktok.com/@annagibbsdrawings/video/7611932503674211606,,Is more light and joy too much to ask of this world? ✨️ ,88.0,0.0,False,True,False,TWEE
https://www.tiktok.com/@.bedevoured/video/7438812010529230126,,"my last post was ab bones and all… the duality 

{#aesthetic #zooeydechanel #twee #tweeaesthetic #tweecore #tweegirl ",226.0,1.0,False,True,False,TWEE
https://www.tiktok.com/@year0ghoul/video/7472156005267246378,,#tweecore 🍎 this aesthetic tastes like apples and oranges and I lab it ♠︎ Hashtags !! -> #twee #core #tweeaesthetic #moodboard #moodboardedit ,247.0,1.0,False,True,False,TWEE
https://www.tiktok.com/@clemfiles/video/7523967026646322445,,she brakes for birds & rocks a lotta polka dots  #zooeydeschanel #zooeydeschaneledit #newgirl #newgirledit #jessicaday #twee ,24500.0,166.0,False,True,False,TWEE
https://www.tiktok.com/@swe3tdr3am..0/video/7482655696031370502,,Whimsytwee core>> 🐞🍎🧃🐛#askyourfriends #aesthetic #whimsytwee #whimsygoth #kidcore #scene #igari #gyaru #xcyzba #foryourepage #fypageシ ,586.0,4.0,False,True,False,TWEE
https://www.tiktok.com/@sophrose21/video/7505461026729528607,,#aesthetic #moodboard #inspo #pinterest #algorithm #comingofage #teenage #growingup #nostalgia #graduation #bittersweet #currentjoys ,31700.0,82.0,False,True,False,TWEE
https://www.tiktok.com/@zhoes_world/video/7574090784488590623,,Some apple twee stuff I’ve been working on ,345.0,11.0,False,True,False,TWEE
https://www.tiktok.com/@bloobariee/video/7449196913871686943,,#firstpost | ˏˋ°•*⁀➷ | #tweecore #cloe #cute #funky ,101.0,4.0,False,True,False,TWEE
https://www.tiktok.com/@bitez_x3/video/7474349738528378158,,"🍃|| i remade the twee core moodboard and i love it smm! Btw ty sm for the support ||📺

#moodboard #moodboardaccount #twee #tweecore ",1476.0,7.0,False,True,False,TWEE
https://www.tiktok.com/@dizzyenes41/video/6911894543054998786,,6911725545629699329,3840.0,96.0,False,True,False,TWEE
https://www.tiktok.com/@elkesurreal/video/7517549115941997842,,The cool girl who draws weird little cartoons into her sketchbook at the back of the school bus in 2011 - a moodboard ,11500.0,54.0,False,True,False,TWEE
https://www.tiktok.com/@dollysouup/video/7611624570835045662,,hii unicorns 🦄💓💓 #kawaiiaesthetic #kawaii #cutecore🎀🦴🍮🐾 ,961.0,25.0,False,True,False,TWEE
https://www.tiktok.com/@weird.girly/video/7434930424612211999,,Tysmmmm for 5k!!! #moodboard #aesthetic #digetaldiary #weirdgirlcore #autumn #aestheticedits #edit #corecore #aesthetics ,50800.0,243.0,False,True,False,TWEE
https://www.tiktok.com/@crypt1c.cryst4lz/video/7397289766066162986,,weird girl childhood core #twee #tweeaesthetic #tweestyle #style ,3532.0,18.0,False,True,False,WEIRD+TWEE
https://www.tiktok.com/@dreamcore174/video/7367760214617017605,,Эта эстетика типо такая: 😘💅#мирСары#рекомендации#дримкор# ,282.0,7.0,False,True,False,TWEE
https://www.tiktok.com/@bagels_and_crumbs/video/7520862865042001207,,#meme #trend #fyp #fypシ゚viral #viralvideo #viral #zxybca #zyxcba #board #whimsytwee #twee #tweemoodboard #whimsytweeaesthetic ,167.0,4.0,False,True,False,TWEE
https://www.tiktok.com/@starx.edixz/video/7444510188532518166,,I love him smm😭🫶🏽#tweek ,135.0,3.0,False,True,False,TWEE
https://www.tiktok.com/@annagibbsdrawings/video/7611429168403713302,,"More whimsy twee, 2026!! 👒✨️📖✍️
#tweeaesthetic ",62.0,0.0,False,True,False,TWEE
https://www.tiktok.com/@the.ribbon.fairy/video/7543115261591719198,,#aesthetic #fypppppppppppppppppppppp #whimsy #tweecore ,5.0,0.0,False,True,False,TWEE
https://www.tiktok.com/@daisha1607/video/7394566510347324715,,POV: the twee girl in a coffee barista. #tweeaesthetic #vintage ,5.0,0.0,False,True,False,TWEE
https://www.tiktok.com/@2001nostalgicgirl/video/7596565853911469333,,"Whimsy twee core🐞🌿🩷

#2000sthrowback #whimsical ",399.0,1.0,False,True,False,TWEE
https://www.tiktok.com/@weird.girly/video/7406746214001102111,,My town is sooooo boring#edit #euphoria #weirdgirl #weirdedit #corecore #digetaldiary #moodboard #weirdgirlcore #editzzz ,11300.0,43.0,False,True,False,WEIRD+TWEE
https://www.tiktok.com/@cupcakkesbackupdancer69/video/7233864962354007339,,SUPER AESTHETIC 😍😻✨💅 #aesthetic #floptok #flop #flopera #gay #stantwitter #fypシ ,1164.0,34.0,False,True,False,TWEE
https://www.tiktok.com/@edagocmennn1/video/6911725545629699329,,,,,False,True,False,TWEE
https://www.tiktok.com/@cslvtte/video/7523849567092198676,,Apples core 🍎 I LOVE apples || #apple #core #twee #whimsy ,5456.0,29.0,False,True,False,TWEE
https://www.tiktok.com/@magicalwoodchuck/video/7449536878144982302,,twee🦌🤍                 #2010s #twee #tweefashion #viviangirls ,1902.0,9.0,False,True,False,TWEE
https://www.tiktok.com/@glowww.worm/video/7520138391816588575,,"❦. 

#twee #tweemoodboard #tweecore #applecore #appleedit #edit #moodboardedit #moodboard #aesthetic #aestheticedit #tweestyle #editfyp ",937.0,4.0,False,True,False,TWEE
https://www.tiktok.com/@sxgarspice1/video/7546611024581938446,,#frazzledenglishwoman #twee #aesthetic ,552.0,0.0,False,True,False,TWEE
https://www.tiktok.com/@brunetfairy/video/7503679111873695022,,#tweecore #tweeaesthetic #weirdcore #moodboard #edit #fyp #foryoupage ,5831.0,44.0,False,True,False,TWEE
https://www.tiktok.com/@toopppseccrettt/video/7530370981035216134,,#fyp #parati #viral #aesthetic #iris #deepquotes #emotional ,34700.0,26.0,False,True,False,TWEE
https://www.tiktok.com/@magdalandon.bay/video/7527124695800384799,,she’s so cute #twee #2000s #taylorswift #taylorsversion ,47600.0,177.0,False,True,False,TWEE
https://www.tiktok.com/@fvgxhn/video/7559296208926182678,,,,,False,True,False,TWEE
https://www.tiktok.com/@urlogalstargirl/video/7508293602804632840,,"And remember, coffees always have the same bitter taste, but a tea, there are thousands of different teas, colors and flavors. #tea ",257100.0,526.0,False,True,False,TWEE
https://www.tiktok.com/@ethereal_c/video/7343555220879838496,,"twee is the new coquette you heard it here first 🧸 bring out the knee socks, peter pan collars and trim your bangs ",40200.0,375.0,False,True,False,TWEE
https://www.tiktok.com/@crayonnoms/video/7575352606877338910,,dream style #🦴🎀🐾🍮 #tweencore #jojifuku #cutecore #fyp ,1569.0,59.0,False,True,False,TWEE
https://www.tiktok.com/@fullofwhimsyandfu/video/7487295169277119790,,I love this song 🎶.                           #twee                                                     #tweeaesthetic                                  #moodboard                                     #fyp,265.0,3.0,False,True,False,TWEE
https://www.tiktok.com/@seventeenloverr/video/7365196186933792005,,Yo en todo lado 😂 #fypシ #fypシ゚viral #seventeen ,6053.0,7.0,False,True,False,TWEE
https://www.tiktok.com/@superkavvy/video/7617187278498041118,,la da dee la da daooo 🎵 ,88.0,2.0,False,True,False,WEIRD+TWEE
https://www.tiktok.com/@https.lqvii/video/7472869951007771950,,dudunununu #twee #tweeaesthetic #aesthetic #edit #fyp #edits #viral #moodboard #moodboardaesthetic #moodboardaccount #foryoupage ,19700.0,118.0,False,True,False,TWEE
https://www.tiktok.com/@ferntheclown/video/7307013806473874696,,#twee #pinterest #tweeaestetic #fypシ #queertiktok #shitposting ,125.0,3.0,False,True,False,TWEE
https://www.tiktok.com/@weird.girly/video/7472018658412252462,,I LOVE this song!!!(Sorry I haven’t been posting regularly I’ve been redecorating my bedroom!)#moodboard #aesthetic ,5550.0,21.0,False,True,False,TWEE
https://www.tiktok.com/@___ana_._._/video/7431763404429348102,,"whimsy twee 🌀

#fypシ゚ #fyp #fyyyyyyyyyyyyyyyy #twee #whimsy ",976.0,8.0,False,True,False,TWEE
https://www.tiktok.com/@soggy_snoopy/video/7434686050347404587,,#pfp #pfps #pfps4u #f #y #p #fyp #fypage #pinterest #cool ,1317.0,4.0,False,True,False,TWEE
https://www.tiktok.com/@therealfatoglethorpe/video/7604524480127307039,,me   core   !   !   !   ┆   @omletoid @🫧🦞the-lobstr-in-ur-wallz🦞🫧 @🌈🦄Dot 𖹭's pim🐾,90.0,2.0,False,True,False,TWEE
https://www.tiktok.com/@lvcoxy/video/7416666737313107220,,Twee aesthetic!!♪(๑ᴖ◡ᴖ๑)♪🧶🌿🌧️🥞#moodboard #edit #twee #tweefasion #tweeaesthetic #tweecore #funky #funkyaesthetic #weirdkid ,1411.0,8.0,False,True,False,TWEE
https://www.tiktok.com/@whmmzyy/video/7559293072513731862,,"🐈‍⬛🍎 ,, #whimsy #moodboard #twee #fyp #viral whimsy twee art moodboard aesthetic",25300.0,105.0,False,True,False,TWEE
https://www.tiktok.com/@girlblog420/video/7612901087007313182,,"!!!!!🍊
##pinterest##foryoupage##fyp##aesthetic##twee",281.0,1.0,False,True,False,TWEE
https://www.tiktok.com/@maestro7205/video/7529992362118974750,,Ik this was a lil short and over lapsed 😅 #sirenhead #sirenheadedit #creepypasta #terror ,14200.0,480.0,False,True,False,CORE+TWEE
https://www.tiktok.com/@phoebeauclair/video/7477353430818753798,,guys please checj my account before requesting things 🫠 #fyp #moots #aesthetic #fyppppppppppppppppppppppp ,147100.0,889.0,False,True,False,TWEE
https://www.tiktok.com/@deliazilla/video/7358255324748418347,,I luv my weird lil eclectic wardrobe 🫶 #pinterest #unique #fashion ,300900.0,1353.0,False,True,False,TWEE
https://www.tiktok.com/@aralcshmdt/video/7435957726519348513,,Je suis un garcon. ,182.0,2.0,False,True,False,TWEE
https://www.tiktok.com/@purin4an/video/7581128650406350091,,𓊆тгк - bunnyismikinn𓊇 #🪽 #angel #angelcore #angelaesthetic ,4869.0,96.0,False,True,False,WEIRD+TWEE
https://www.tiktok.com/@sugar.cookie01/video/7531613693663120670,,"I lwk like how this one came out (๑˃̵ᴗ˂̵) 

‿‿‿ ୨୧ · · ♡ · · ୨୧ ‿‿‿ 

#frutigermetro #fyp #moodboard #capcut #frutigermetroaesthetic #green ",4944.0,25.0,False,True,False,TWEE
https://www.tiktok.com/@_chococat1/video/7513310856713801006,,Youre a part time lover and a full time friend #twee #tweeaesthetic ,916.0,6.0,False,True,False,TWEE
https://www.tiktok.com/@_angelicdiaries/video/7527804539290832150,,twee zooey deschanel baddie #twee #tweeaesthetic #aesthetic #fyp #pinterest #angelic #girlblog #whimsicalaesthetic #foryoupagе #alternative ,3399.0,4.0,False,True,False,TWEE
https://www.tiktok.com/@mood._.boards/video/7439955445411810603,,its so cute #twee #tweecore #art #crafty #craftycore #moodboard #viral #fypシ ,455.0,5.0,False,True,False,TWEE
https://www.tiktok.com/@penelopsw/video/7389817838392855813,,repost dnv 💔💔💔 amanha posto coisa nova  #themaybelines #sally #core #mecore #☆ #fy #tweecore ,903.0,8.0,False,True,False,TWEE
https://www.tiktok.com/@_.xstxrx._/video/7575182651783449876,,TWICE core. ,106000.0,567.0,False,True,False,TWEE
https://www.tiktok.com/@ffissie/video/7456296239802502446,,"{ #tweeaesthetic} 🍎🗝️🪲🌻  

.

.

.
 
- {tags} ! : #tweeaesthetic #aesthetic #aestheticedits #softedit #aestheticmoodboards #quirkyaesthetic ",3324.0,37.0,False,True,False,TWEE
https://www.tiktok.com/@tween_core/video/7418601902759267591,,"ебейший массанабор
а за программой тренировок в ТГК
#fyyyp ",43800.0,133.0,False,True,False,TWEE
https://www.tiktok.com/@ellzlyrics/video/7543394096195341624,,"Taking What's Not Yours 🎧

#tvgirl #takingwhatsnotyours #lyrics #lyricsvideo #lyrics_songs #lyricsedit #aesthetic #tvgirlaesthetic #notallowed ",777600.0,1803.0,False,True,False,TWEE
https://www.tiktok.com/@mwpoodie/video/7594290926319635730,,this is a repost  #foryoupage #baddie #sadbaddie #swag #asthetic ,50300.0,76.0,False,True,False,WEIRD+TWEE
https://www.tiktok.com/@seveneleventhree/video/7505545354138488095,,"#fall #autumn #aesthetic 
#twee #grunge #orange #moodboard 
#2025 #edit #capcut #fyp #viral #trend #season 
#xyzbca ",362.0,3.0,False,True,False,TWEE
https://www.tiktok.com/@elyaai_/video/7589177985131908372,,"#twisted#Core#paratiiiiiiiiiiiiiiiiiiiiiiiiiiiiiii #random #noflop 
Twisted Core:",16900.0,356.0,False,True,False,TWEE
https://www.tiktok.com/@cece_editz06/video/7541772726256536862,,Bring back this Taylor #taylorswift #fyp #2010s #aesthetic #tweeaesthetic ,318.0,1.0,False,True,False,TWEE
https://www.tiktok.com/@slumberzz/video/7444918497873874198,,#TWEE || 💫 || #twee #tweeaesthetic #whimsical #whimsicalaesthetic #whimsytwee #funky #pinterest #fyp,8619.0,38.0,False,True,False,TWEE
https://www.tiktok.com/@sanqlyt/video/7610831791791918358,,#twice #gif #core #fyp #viral ,183.0,1.0,False,True,False,TWEE
https://www.tiktok.com/@gboygee2/video/7607341543422168341,,"I'm back!
with [How to twerk 2 🍑]",17300.0,59.0,False,True,False,TWEE
https://www.tiktok.com/@aesthetics_jpg/video/7235574914277854491,,"My Twitter aesthetic 🕊️
.
#twitter #aesthetic #aestheticvideos ",259.0,0.0,False,True,False,TWEE
https://www.tiktok.com/@tweety_aesthetic/video/6643494814190931206,,•💔•  || Worked pretty hard on this hope you like! ❣️|| And omg 100 fans. || I’m quaking || - Camryn,71.0,3.0,False,True,False,TWEE
https://www.tiktok.com/@zeripmav/video/7471135667737709866,,Yum yum! ily | #watermelon #tweecore #moodboardaesthetic #moodboard #visualart #moodboardedit #mecore #viral #valentinesday #fyp ,1452.0,9.0,False,True,False,TWEE
https://www.tiktok.com/@enacoral/video/7610211702726003999,,im at a restaurant i cant hear th e audio i hope its the right part ANYWAYS J LOVR CATS MILLIONAIRE  #pinkiepie #mylittleponyedit #mlp #tweencore ,2242.0,17.0,False,True,False,TWEE
https://www.tiktok.com/@kego3120/video/7615509798443896082,,,3139.0,44.0,False,True,False,TWEE
https://www.tiktok.com/@shadowroamer/video/7521930977166232862,,cute green twee edit #twee #tweegirl #tweeaesthetic #tweenmo #aesthetic #niche #applecore #moodboard #moodboardaesthetic #greentwee ,1729.0,6.0,False,True,False,TWEE
https://www.tiktok.com/@kij_ijk/video/7512806245397466376,,tweecore !!🍎 #tweecore #twee #apple #buttons #core #aesthetic #moodboard #makethisviral #blowthisup #moots? #fyp #foryou #boost #trend ,74.0,1.0,False,True,False,TWEE
https://www.tiktok.com/@hyoutas/video/7367833858865106209,,wow #tweektweak #southpark #fyp #fyppppppppppppppppppppppp #viral ,40700.0,288.0,False,True,False,TWEE
https://www.tiktok.com/@dollzlilac/video/7443270522189761847,,"🐞🍓
.
.
.
.
#CapCut #twee #aesthetic #whimsytwee #whimsical #childhood #nostalgic #2000s #nature #fy #foryoupage❤️❤️ #fyp ",322.0,5.0,False,True,False,TWEE
https://www.tiktok.com/@neistleycreem/video/7572874951301156117,,music heals everyone #fyp #aesthetic #music #repost #viral ,172100.0,277.0,False,True,False,TWEE
https://www.tiktok.com/@angelwluv_111/video/7373401404439874859,,I reallu really like this type of style its so silly and creative!! ˘ᗜ˘ ,131.0,4.0,False,True,False,TWEE
https://www.tiktok.com/@_hello_kitty_angel_/video/7520305190126226743,,,,,False,True,False,TWEE
https://www.tiktok.com/@fortheesouls/video/7387524620749933870,,"another one of these silly edits 🍎
—
#mecore #digitaldiary #editfypシ #fy #fypppppppppppppppppppp #fypage #viral #targetaudience ",32000.0,211.0,False,True,False,TWEE
https://www.tiktok.com/@spiralling_bugs/video/7618052516961438990,,Helpppppp 🥲 #twee #alt #goth #2000s #aesthetic,61.0,13.0,False,True,False,TWEE
https://www.tiktok.com/@candy_drugs1001/video/7592548798249897224,,LIKE PLEASE BLESS MEEE #cutecore🎀🦴🍮🐾 #tweencore ,2494.0,69.0,False,True,False,TWEE
https://www.tiktok.com/@bluetooth9020/video/7569032910452329758,,"I LOVE TWEE AESTHETIC HEHEHEHABBAHWJSXB
#twee #tweeaesthetic #aesthetic #moodboard #fyp ",361.0,2.0,False,True,False,TWEE
https://www.tiktok.com/@ruthpilatesstudio/video/7417932620861885727,,"This could very well be my most requested class ever! Floor twerk tutorial is now available anytime, anywhere on my app or website for you to try at home. At the start of the is class I mention there isn’t really a strength or mobility benefit to this move, it’s more of a party trick. However, practicing it certainly does have a benefit! Especially with the drills we do in this quick class. I felt it the next day and it’s just 9 minutes long. Enjoy baddies 💦🌊🌸 ",16400.0,151.0,False,True,False,TWEE
https://www.tiktok.com/@thriftedaofit/video/7550480985603722503,,"Whimsical Twee Polkadots Hairclip ‧₊˚♪ 𝄞₊˚⊹
#tweeaesthetic, #fyp , ",11.0,0.0,False,True,False,TWEE
https://www.tiktok.com/@yvesiiv/video/7433074685279046944,,#moodboard #jfashion #twee #fruitsmagazine #funkyaesthetic ,118400.0,259.0,False,True,False,TWEE
https://www.tiktok.com/@biancaellob/video/7376299698744790315,,twee aesthetic is sooo back! thanks alexa chung! new video diary on my you/tube channel 🎥 ,405.0,9.0,False,True,False,TWEE
https://www.tiktok.com/@pattsluna/video/7091432793984584966,,por más que corrí no alcance 🥺 #twerk #dance #humor #girls #blue,1022.0,9.0,False,True,False,TWEE
https://www.tiktok.com/@tossed70/video/7005996417638501638,,Guys! This tea blend was so yummy. AND THE COLOR!!! #tea ,45500.0,248.0,False,True,False,TWEE
https://www.tiktok.com/@biancaellob/video/7404968689763634474,,twee lookbook is live on my youtube channel 🎒 hope you find some inspo there! summerween vlog coming soon! ,205.0,1.0,False,True,False,TWEE
https://www.tiktok.com/@twowheelsaesthetic/video/7517728450757561622,,"We love red bikes 😏📮
@Sharp #biketok #ridebike #bikeredits ",47600.0,175.0,False,True,False,TWEE
https://www.tiktok.com/@pinkietrinkiepie/video/7474526493436054815,,and i love it 🧚🏻‍♀️ #twee #whimsical #whimsy #girlhood #fyp #fypシ #pinterest #aesthetic #girlytok #girlythings    ,1668.0,4.0,False,True,False,TWEE
https://www.tiktok.com/@daisyjonescherrypie/video/7546148269676596502,,☕️🍂🍂 #tea #autumnaesthetic #tealover #fyp #aestheticvideos ,94100.0,295.0,False,True,False,TWEE
https://www.tiktok.com/@myspacefaerie/video/7592378341697588510,,it’s so freeing to wear cute stuff idk #2000s #tweencore #pink #fashion,172000.0,747.0,False,True,False,TWEE
https://www.tiktok.com/@finnleystorm/video/7554810295571516702,,me btw #fyp #fypシ゚viral #edit #zooeydeschanel ,456.0,7.0,False,True,False,TWEE
https://www.tiktok.com/@dhsnews/video/7313364759070379307,,#hardstyle #happyhardcore #dirtyworkz #music #datweekaz ,14.0,0.0,False,True,False,TWEE
https://www.tiktok.com/@sugardrms/video/7490287187615845654,,"whimsy twee˚⋆𐙚｡𖦹
#whimsy #twee #2000s #moodboard #moodboardedit #edit #aesthetic ",1252.0,8.0,False,True,False,TWEE
https://www.tiktok.com/@vibedasmusas/video/7547863117364022533,,"💃✨ Aproveitando o sol, o som e o verão! Quem aí ama uma vibe assim? 😍🔥",8713.0,131.0,False,True,False,TWEE
https://www.tiktok.com/@iseeyouinmysleeptoo/video/7617277052235910414,,i love #twee #aesthetic #edit #kittycraft #fyp ,234.0,1.0,False,True,False,TWEE
https://www.tiktok.com/@thumb3linaa/video/7521084601108892983,,i love my queen of twee #zoeydeschanel #twee #tweeaesthetic #2010s #500daysofsummer #newgirl #fashion #fyp #foryou ,150600.0,255.0,False,True,False,TWEE
https://www.tiktok.com/@fcckmebaby/video/7601930787159657748,,#moodboard #core #aesthetic #twilight ,37800.0,56.0,False,True,False,TWEE
https://www.tiktok.com/@bellahadid9999/video/7554114349191744799,,"big fan of wtv this is 🧁
#twee #2010s #moodboard #aesthetic",348.0,3.0,False,True,False,TWEE
https://www.tiktok.com/@sochnyivarenik/video/7604087080452492551,,"just dance

#core #corecore#mecore #literallyme#me #dance #dancecore #happycore #fyp #foryou ",21900.0,122.0,False,True,False,ME+TWEE
https://www.tiktok.com/@tween_core/video/7376206683959348488,,"ну, рил чокобой
#hairstyle #tweencore #longhair #fyp ",8466.0,50.0,False,True,False,TWEE
https://www.tiktok.com/@michaelcerafan1234/video/7534436468345802015,,"I love this aesthetic 

#twee #tweeaesthetic #moodboard #moodboards #moodboardaesthetic #moodboardaccount #moodboardedit #edit #edits ",7151.0,39.0,False,True,False,TWEE
https://www.tiktok.com/@fleurlockxv/video/7526094227219025183,,🫧🌸🌿🌷🧶|| #edit #CapCut #trashyedit #moodboard #kawaii #twee #tweecore ,725.0,7.0,False,True,False,TWEE
https://www.tiktok.com/@honeydewmelonnn/video/7540511503728839950,,#tweegirl #tweeaesthetic #music #nostalgia #throwback ,6801.0,80.0,False,True,False,TWEE
https://www.tiktok.com/@foto.maedchen/video/7188867256217079045,,Sunday Tea #mood #teatime #inspirational #flowers #aesthetic ,1459.0,38.0,False,True,False,TWEE
https://www.tiktok.com/@closet_feminino5/video/7535967583674174725,,"link no pv

#roupasdashein #foryou #2025 #ideias #inspooutfit #y2k",7424.0,51.0,False,True,False,TWEE
https://www.tiktok.com/@nighthawk.poetry/video/7465675707679624470,,"i want to eat this style
///
#whimsical #whimsy #whimsitwee ",7110.0,35.0,False,True,False,TWEE
https://www.tiktok.com/@chiaslibraryy/video/7598719100235435286,,#whimsytwee #weird #whimsy #aesthetic #pinterest ,4552.0,20.0,False,True,False,TWEE
https://www.tiktok.com/@pierceddreams_/video/7476186659101478199,,#whimsygoth #whimsytwee #fashion #fashionreposts #altfashion #goth #twee #fionaapple ,33500.0,170.0,False,True,False,TWEE
https://www.tiktok.com/@apple.kaayy/video/7505936431202700549,,A responder a @ttkiyoz,597.0,19.0,False,True,False,TWEE
https://www.tiktok.com/@sublime.porcupine/video/7468472183270935841,,i love this aesthetic so much 😸 #art #twee #tweecore ,405.0,5.0,False,True,False,TWEE
https://www.tiktok.com/@evorlaxa/video/7584297194585410829,,"Jojifuku // Tweencore - [🎒]

#jojifuku #tweencore #cuteaesthetic #2010s #2018 ",1337.0,6.0,False,True,False,TWEE
https://www.tiktok.com/@whimsidove/video/7583518729531673887,,"i was romanticizing my life even as a girl 🌸
•
#aesthetic #twee #2010s #disneychannel #nostalgia ",203100.0,672.0,False,True,False,TWEE
https://www.tiktok.com/@skylee_is_sublime/video/7494492260063530270,,last one i promise.. #foryoupage #fyp #foryou #4up #4upage #fyp,47800.0,430.0,False,True,False,TWEE
https://www.tiktok.com/@opheliaa_5/video/7492231458518617374,,#aesthetic #fyp #viral #pinterest #weird #weirdcore #trending ,45800.0,126.0,False,True,False,WEIRD+TWEE
https://www.tiktok.com/@discoberry/video/7560869664578915614,,"which one is your favorite!? 💋🍊🍪🐞🍇🍀
#fashion #ootd ",2175.0,36.0,False,True,False,TWEE
https://www.tiktok.com/@pumpkinchailatteloverr/video/7510399598171671839,,#tweecore #moodboard #pinterest #mecore #fyp #viral #2000s #nostalgia #cozy #frazzledenglishwoman #fall #fallaesthetic ,121.0,1.0,False,True,False,TWEE
https://www.tiktok.com/@c0ll3i.morphic/video/7471231679806328071,,"FitCheck🍎🐛💐✨
#ootd #fitcheck 
#tweecore #tweeaesthetic ",18.0,5.0,False,True,False,TWEE
https://www.tiktok.com/@pennylane.brecho/video/7530425512477461816,,tudo que entra amanhã no meu brechó 🐞🌀🌟 @pennybrecho ,563.0,10.0,False,True,False,TWEE
https://www.tiktok.com/@forcommonpeople/video/7584970840526064927,,No one: literally no one: meh: ✨ M A G I C C ✨ #fypシ #2010snostalgia #animationmeme #2010s #tweencore ,1259.0,20.0,False,True,False,TWEE
https://www.tiktok.com/@gigglepoopser/video/7571493784060431618,,Whimsy twee core  || #whimsical #whimsytwee #buttons ,370.0,1.0,False,True,False,TWEE
https://www.tiktok.com/@diaryofwill/video/7428158334932503840,,,,,False,True,False,TWEE
https://www.tiktok.com/@098pics/video/7531101457597140231,,WE SHOULD 🖖🏻🖖🏻 WITH EACHOTHER #lisa #b19 #🍎🍏 #tweecore ,306.0,9.0,False,True,False,TWEE
https://www.tiktok.com/@moonymileon/video/7458309580842470678,,"My fav style!!🐞🫶🏻
anyone want to be moots??
#whimsy #twee #aesthetic #whimsytwee #moodboard ",22700.0,199.0,False,True,False,TWEE
https://www.tiktok.com/@fa.iry._tale/video/7417681634838908206,,I didn't do edits for a while #art #strange #pinterest #alexg #funky #fyp #mecore #corecore #core #oddedits #weirdedits ,160.0,0.0,False,True,False,TWEE
https://www.tiktok.com/@m4ever_9/video/7471730130981768470,,"I love the big boom (1920s economic boom)

#photo #twee #summer ",9766.0,30.0,False,True,False,TWEE
https://www.tiktok.com/@movetoheavn/video/7569062336108006687,,"gonna turn all this pain into something beautiful, like a tweet or a cf story ",30400.0,89.0,False,True,False,TWEE
https://www.tiktok.com/@p0ssum_claws/video/7455428639371398443,,#moodboard #twee #whimsytwee #colorful #aesthetic #hungryhungrycaterpillar #apples #whimsical #nep #cutecore #tweecore #whimsycore,313.0,5.0,False,True,False,TWEE
https://www.tiktok.com/@deadgirlstears/video/7402471675712900382,,#2000s #y2k #alt #whimsy #tweecore #style #core #whimsycore #foryou #fypage #viral ,1166.0,6.0,False,True,False,TWEE
https://www.tiktok.com/@garotapalhacooo/video/7603511532084858120,,só as lendas ,1692.0,19.0,False,True,False,TWEE
https://www.tiktok.com/@arikitty01/video/6984063820222172422,,Me daba miedo que los suegros me vean 💀 #foryoupage #trend ,1334.0,15.0,False,True,False,TWEE
https://www.tiktok.com/@wuenas.nails/video/7401742750674062623,,"twee girl nails!!!! u can get these on my depop this weekend :) 

#nails ",39000.0,135.0,False,True,False,TWEE
https://www.tiktok.com/@xanasaurus/video/7613921629340470559,,hey #cool #tweencore #edit #mecore #moodboard,609.0,6.0,False,True,False,TWEE
https://www.tiktok.com/@wroetowillow/video/7612330374303059202,,i adore the #twee aesthetic hehehe #tweeedit #style #myvibe #mysong ,67.0,1.0,False,True,False,TWEE
https://www.tiktok.com/@elscreations4444/video/7527100747071180063,,"Dropping tonight!! Shop on elscreations_ on Instagram ✨🌿

#whimsy",124.0,2.0,False,True,False,TWEE
https://www.tiktok.com/@swagalicious940/video/7584218256802680086,,#fyp #whimsy #cool #viral #asthetic ,510200.0,922.0,False,True,False,TWEE
https://www.tiktok.com/@pretty_mentality/video/7518475329187482910,,#ahs #ahsstyle #fashion #fashionstreet #inspofashion #outfit ,67600.0,307.0,False,True,False,TWEE
https://www.tiktok.com/@clericsmood/video/7601962597654613270,,tween culture is DEAD gen alpha is cooked💔                                                                                             ,242.0,1.0,False,True,False,TWEE
https://www.tiktok.com/@v2rtual0v3_/video/7498958808283155730,,Whimsy twee aesthetic °❀⋆.ೃ࿔*:･ #moots? #bmf #twee #whimsy ,2285.0,21.0,False,True,False,TWEE
https://www.tiktok.com/@imaniunmasked/video/7588970605920226590,,Oh to be 22 in Portland or Chicago with $600 rent for two bedrooms 😭 ,2415.0,37.0,False,True,False,TWEE
https://www.tiktok.com/@maisiedazey/video/7533345435822378262,,Outfits that are fun and whimsical 🫶 #outfit #outfitinspo #twee ,990.0,30.0,False,True,False,TWEE
https://www.tiktok.com/@urmomatemyass.com/video/6902459905978928389,,⚠️‼️TW:AESTHETIC⚠️‼️ #fyp #foryoupage #fypp #foru #aesthetic,22900.0,1406.0,False,True,False,TWEE
https://www.tiktok.com/@infinityg1rl/video/7616504448038227231,,#moodboard #twee #hipster #fyp ,7604.0,25.0,False,True,False,TWEE
https://www.tiktok.com/@sweetarchive101/video/7437627903438769438,,You gotta post cute content as well tho. Twitter SOFTSERVEDBABY! ,35.0,1.0,False,True,False,TWEE
https://www.tiktok.com/@gem.xo.angel/video/7602741145743002896,,I miss this era so much #taylorswift #twee #fyp #niche ,34.0,0.0,False,True,False,TWEE
https://www.tiktok.com/@queasykiss/video/7491198056801520904,,#FRUITBAT ꩜ did you know that fruit bats pollinate flowers just like bees!!  . . . 🏷️  #fyp #fruitbats #edit #twee #whimsy #fypp #foryoupage #bats ,784.0,7.0,False,True,False,TWEE
https://www.tiktok.com/@chuuu500/video/7470540803547401477,,#tweek #fyp #southpark #creek ,51700.0,127.0,False,True,False,TWEE
https://www.tiktok.com/@rebelrelle/video/7050851956264291589,,Anyway… #alttiktok #tweeaesthetic #tweecore #altgf ,3413.0,16.0,False,True,False,TWEE
https://www.tiktok.com/@whimsidove/video/7534049101638274334,,"me core 🪲🌷
•
#foryou #fyp #moodboard #pinkandgreen #whimsitwee #twee #whimsical #70s #vintage #tropical ",542.0,5.0,False,True,False,TWEE
https://www.tiktok.com/@user9267174179586/video/7591676621485100318,,Saturday night mood 💃 #weekend #party #dance #fyp ,1205.0,13.0,False,True,False,TWEE
https://www.tiktok.com/@lazulita67/video/7617172733155151122,,whatever this style is called #twee #coquette #polkadot #moodboard #aesthetic любит не любит любит не любит ,41.0,2.0,False,True,False,TWEE
https://www.tiktok.com/@maxerk1d/video/7523826716410711326,,Twee 🍎 girl #trend #twee #aesthetic #pinterest ,154.0,5.0,False,True,False,TWEE
https://www.tiktok.com/@tweecoffee/video/7601175115237313847,,"a lil after hours bts :)

#riverside #fypシ #baristatok #inlandempire ",489.0,8.0,False,True,False,TWEE
https://www.tiktok.com/@iseeyouinmysleeptoo/video/7615560087473638670,,i love ladybugs #ladybug #edit #fyp #insects #aesthetic ,32700.0,151.0,False,True,False,TWEE
https://www.tiktok.com/@discoberry/video/7523321451135454495,,"every week is fashion week for me ♡🛍👛👚
#fashion #ootd ",1394.0,24.0,False,True,False,TWEE
https://www.tiktok.com/@cowwgrrl/video/7531705519006944534,,#TWEE || this song is so adorable im obsessed || @Norea Relja #fyp ,331.0,7.0,False,True,False,TWEE
https://www.tiktok.com/@scarlatte.coffee/video/7463577120451906862,,"twee🐛🐞❤️
#twee #aesthetic #viral #trending #videos #trendingvideo #tiktok #fyp ",9101.0,63.0,False,True,False,TWEE
https://www.tiktok.com/@daylightwarrior/video/7437583167839636769,,🍎🪱🐛 #twee #whimsical #whimsicaltwee #whimsicalaesthetic #tweeaesthetic #weirdgirl #pinterest #moodboard #fyp #viral ,452.0,3.0,False,True,False,TWEE
https://www.tiktok.com/@wendyful_day/video/7600979958277623053,,tragic #ootd #twee #tweeaesthetic #whimsy #outfitinspo ,157.0,2.0,False,True,False,TWEE
https://www.tiktok.com/@deepdivevintage/video/7592030986645294367,,"the bigger the buttons the more I need it 

#twee #2010s #asethetic ",1138.0,10.0,False,True,False,TWEE
https://www.tiktok.com/@psysthetic/video/7547477708498947383,,"so fresh, so clean #2000steen #mcbling #girly #pinkaesthetic #coreedit ",565.0,6.0,False,True,False,TWEE
https://www.tiktok.com/@user_002793/video/7587156701971762445,,Jessica day #jessdaynewgirl #newgirl #fyp #viral #tweeasthetic ,48700.0,68.0,False,True,False,TWEE
https://www.tiktok.com/@radioellie/video/7433089061885152555,,me core!! (im jessica day) #tweecore #tweeaesthetic #fyp #digitaledit #edit,1605.0,8.0,False,True,False,TWEE
https://www.tiktok.com/@tianaa_lysm/video/7538252394430352671,,"Oh how I love you twee core…🌱🐞. ||OLD- DRAFT.||!
#fyp #tweecore #style #capcut  (I’m just posting old drafts)! ^^❤️‍🩹",95.0,1.0,False,True,False,TWEE
https://www.tiktok.com/@rareang3l/video/7489704842403843358,,twee #nails 🐛🍎 || #nailinspo #twee #tweeaesthetic #beauty #aesthetic #fypシ #girlhood #tumblr #pinterestgirl  #foryoupage ,2844.0,11.0,False,True,False,TWEE
https://www.tiktok.com/@mood.b0ards/video/7490124072567770399,,i love this song #fyp #fypシ #fypage #fypシ゚viral #aesthetic #moodboard #moodboardaesthetic #moodboardaccount #moodboards #twee ,267.0,4.0,False,True,False,TWEE
https://www.tiktok.com/@dearpier/video/7588378874069650719,,"this and a Buzzfeed quiz >>
🍎💚🧶
#twee #tweeaesthetic ",29700.0,167.0,False,True,False,TWEE
https://www.tiktok.com/@svlqnix_/video/7464246221570346246,,"Meu estilo 😞💗
. 
. 
. 
. 
. 
. 
. 
. 
. 
#tweecore #fyy #foryoupage #fyp #☆ #mecore ",662.0,12.0,False,True,False,TWEE
https://www.tiktok.com/@werid77/video/7462912917743209774,,Tweeee 🐛🍏🍎🐞🪲 #pinterest #pinterestaesthetic #fyp #fypシ #twee #tweeaesthetic ,1479.0,12.0,False,True,False,TWEE
https://www.tiktok.com/@weirdlqdybug/video/7609193985252297992,,Ootd #secretaccount #ootdfashion #viralvideo #tweecore #wlw ,13.0,0.0,False,True,False,TWEE
https://www.tiktok.com/@tuffboi4837/video/7602507202804387085,,"all my moodboards are from between months!!
#tweencore #kinlist #moodboards #kawaii #yurivsyaoi ",196.0,1.0,False,True,False,TWEE
https://www.tiktok.com/@anvekiko/video/7591256401356393759,,"6:34 ; drop a follow & a c/link to change your fyp !! (๑˃̵ᴗ˂̵)و

#romagyaru #himekaji #moodboard #aesthetic #fyp ",20400.0,99.0,False,True,False,TWEE
https://www.tiktok.com/@velvetmoodboardz/video/7530539067742670093,,twee aesthetic🐞 || requested: @tacomuncher698 || #edit #fyp #edits #moodboard #moodboardaesthetic #2000s #cute #request #aesthetic ,136.0,3.0,False,True,False,TWEE
https://www.tiktok.com/@b3a.and.st3lla/video/7388808396759108897,,the art of slow living - stella #niche #pinterest #aesthetic #twee #moodboard #edit ,3100.0,13.0,False,True,False,TWEE
https://www.tiktok.com/@kivimaw/video/7577645276324777228,,"это реально похоже на фартук😔??

#tweecore #whimsy #ootd ",43600.0,731.0,False,True,False,TWEE
https://www.tiktok.com/@tuffboi4837/video/7602506976039406861,,#kinlist #tweencore #moodboards #kawaii #epic ,369.0,8.0,False,True,False,TWEE
https://www.tiktok.com/@kenya.lumpkin/video/7596106619885194526,,It nips and tucks in all the right places ❤️,2509.0,30.0,False,True,False,TWEE
https://www.tiktok.com/@pix.zel/video/7454312314582420779,,twee subcategory - apples 🍎🎧 my love. ,29300.0,311.0,False,True,False,TWEE
https://www.tiktok.com/@junebug.11/video/7440690771553996075,,whatever vibe this is I freak with it #nature #aesthetic #twee #whimsy #whimsytwee #forest #explore #nostalgia #2000s #photography ,224300.0,957.0,False,True,False,TWEE
https://www.tiktok.com/@rayz.moodboardz/video/7486292623112555806,,I JUST FOUND TODAY THAT TWEETIES A BOY???? #fyp #foryoupage #foryou #moodboard #tweetybird #looneytunes #cartoon ,2801.0,25.0,False,True,False,TWEE
https://www.tiktok.com/@pgdatone1/video/7606947049413577997,,#short #shorts #twerking #fyp music #tazmaneyn,3358.0,16.0,False,True,False,TWEE
https://www.tiktok.com/@vamp1r3xo/video/7563885806457212191,,#tweecore ,59.0,0.0,False,True,False,TWEE
https://www.tiktok.com/@havennnzzz/video/7516191896163650862,,me core #korn #music #aesthetic #bunny #bunnies #cute #viral #fyp #fypシ #viral #moodboard #moodboardaccount #wlw #09 #whimsy #twee ,121700.0,447.0,False,True,False,TWEE
https://www.tiktok.com/@saltyysedits/video/7604573532097350934,,Filmed soo nice ;> #thirteen #thirteenedits #teenlife #aestetic #vibesss ,43900.0,74.0,False,True,False,TWEE
https://www.tiktok.com/@belosleftfoot/video/7205999483979697413,,Just Tweek freaking out for 1 minute #southpark #tweektweak #coffee #coffeeaddict #met #freakout #anxiety #screamitout ,8743.0,71.0,False,True,False,TWEE
https://www.tiktok.com/@mariaimiki/video/7521851326049815864,,"old tech 💽
#oldtech #techcore #core #technology #ps2 #ps2games #cd #dvd #computer #pc #re4 #nintendo #flipphone #pinterest #fyp #fy ",12500.0,50.0,False,True,False,TWEE
https://www.tiktok.com/@loverofliminalspaces/video/7570031872688934166,,#twee #fyp #whimsy #whimsical #moodboard ,2194.0,13.0,False,True,False,TWEE
https://www.tiktok.com/@nighttimenostalgiax/video/7455997418774023467,,"the aesthetic of funky tights :3
#nostalgia #edit #aesthetic #core #twee #zoeydeschanel ",678.0,3.0,False,True,False,TWEE
https://www.tiktok.com/@pandastickerr/video/7478143047780322603,,#twee #tweeaesthetic #whimsy ,26300.0,75.0,False,True,False,TWEE
https://www.tiktok.com/@maisiedazey/video/7534626685510257943,,Here is my outfit of the day #outfit #outfitinspo #twee ,2582.0,67.0,False,True,False,TWEE
https://www.tiktok.com/@www.yimpy.com/video/7583899130074844447,,what is this style called what is this style called #foryoupage #fyp #tweencore #kidcore #moodboard ,15600.0,122.0,False,True,False,TWEE
https://www.tiktok.com/@whimsubffc7/video/7578364606821731597,,"Sorry this was a lazy edit, I’ve been busy all Thanksgiving break😭

#whimsical #aesthetic #whimsy #twee #nostalgia ",2150.0,25.0,False,True,False,TWEE
https://www.tiktok.com/@urban.contrivee/video/7617557736968015134,,Shop these clothes in bio #streetwear #fashion #y2kaesthetic ,6497.0,325.0,False,True,False,TWEE
https://www.tiktok.com/@withlovejuliana/video/7541836198185159950,,I simply adore the twee aesthetic🍎☀️ #twee #zooeydeschanel ,2416.0,38.0,False,True,False,TWEE
https://www.tiktok.com/@avicti/video/7441637000261799198,,#twee #tweeaesthetic #aesthetic #weird #weirdaesthetic #weirdcore #nostalgia,4432.0,16.0,False,True,False,TWEE
https://www.tiktok.com/@superhappylobster40oz/video/7519705445955554574,,oh to live in brooklyn and date a mattress salesman….#hipster #twee ,76600.0,487.0,False,True,False,TWEE
https://www.tiktok.com/@flwrdti/video/7524212644299935032,,"shorts and tights forever 🐈 
#fyp #foryou #roblo #outfit #avatar ",992.0,11.0,False,True,False,TWEE
https://www.tiktok.com/@blisscherrym/video/7514997716091407659,,❀︎ #fyp #twee #aesthetic #follow #fypage #fypシ #tweeaesthetic #calm #aestheticvideos ,766.0,3.0,False,True,False,TWEE
https://www.tiktok.com/@calistasdesign/video/7438757993552022830,,sorry for the late post i was in a car accident yesterday and wasn't able to make any drafts yesterday! #twee #tweeaesthetic #cute ,32299.0,154.0,False,True,False,TWEE
https://www.tiktok.com/@bette.darnell/video/7594182704137063711,,#pbepluto #fromdaback #twerk ,2810.0,19.0,False,True,False,TWEE
https://www.tiktok.com/@chilupa28/video/7592488000320261431,,Whimsy whimsy twee fyp reset fun colorful girl room #whimsy ,14600.0,624.0,False,True,False,TWEE
https://www.tiktok.com/@bengping/video/7105388644675996955,,#twerk #core,2.0,1.0,False,True,False,TWEE
https://www.tiktok.com/@weird.girly/video/7454980299856842030,,"Sorry for being so inactive but I was busy with life!!! 
#moodboard #aesthetic #digetaldiary #weirdgirlcore #aestheticedits #edit ",40000.0,188.0,False,True,False,WEIRD+TWEE
https://www.tiktok.com/@mettatons.boyfriend/video/7412111653107617070,,{꩜} I Love this aesthetic#twee #whimsy #whimsytwee #aesthetic #outfit #pinterest #fyp #mosseater #mettatonsboyfriend #cute,15600.0,51.0,False,True,False,TWEE
https://www.tiktok.com/@konnorisnotonfire/video/7579472740680305950,,#whimsytwee #midwestemo #twee #grunge #fashion ,8388.0,105.0,False,True,False,TWEE
https://www.tiktok.com/@e1966949z27/video/7591631222649015582,,Clean ur fyppp baddie (all pics r from Pinterest) #baddie #mcbling ,15400.0,899.0,False,True,False,TWEE
https://www.tiktok.com/@discoberry/video/7617175293689613599,,"cutest bag, tights & shoes EVER by @pixzel 🍎☀️🎹🐛 🍎🎹♫

#twee ",597.0,26.0,False,True,False,TWEE
https://www.tiktok.com/@kikonokos/video/7577494235453197599,,whimsy tween style is my dream <\3 #whimsical #twee ,7654.0,22.0,False,True,False,TWEE
https://www.tiktok.com/@user43578213345289/video/7574056316931525895,,#aesthetic #cumpleaños #playa #compartidos #reposts ,121300.0,74.0,False,True,False,TWEE
https://www.tiktok.com/@gloomysx_/video/7413174297751047457,,🌼 #moodboard #moodboardaesthetic #moodboardaccount #pinterest #tumblr #2000s #2010s #twee #tweeaesthetic #tweee #tweeclothing #cute,14500.0,109.0,False,True,False,TWEE
https://www.tiktok.com/@archieve.of.ours/video/7587875378027334943,,TWICE AS 2019 AESTHETICS: SANA (6/9) #sana #twice #2019 #aesthetic #superanimegroove3dworld,129600.0,213.0,False,True,False,TWEE
https://www.tiktok.com/@l4yl4y_sp/video/7584993044194135327,,HE’S SO ME!!! I love tweek!!!#CapCut #tweeksouthpark #tweekaesthetic #tweektweaksouthpark #SouthPark ,7137.0,48.0,False,True,False,TWEE
https://www.tiktok.com/@witterllyaunicornnn/video/7579011244343004446,,Don’t mind the messy ahh room 😭💔#whimsgothic ,66.0,12.0,False,True,False,TWEE
https://www.tiktok.com/@a_is_for_ari/video/7412797036065459487,,"how'd i do 😊?

(sorry for change in lighting this took a while lol)

#fy ",199.0,14.0,False,True,False,TWEE
https://www.tiktok.com/@kennykennyek/video/7599749962691284242,,#craigxtweek,42700.0,260.0,False,True,False,TWEE
https://www.tiktok.com/@m3wniper/video/7495653514111241514,,"#KATSUKI #TWEE

#tweefashion🍄🐛🍎🌱 #tweefasion #tweecore ",129.0,3.0,False,True,False,TWEE
https://www.tiktok.com/@ohmyitspie27/video/7534823675078528311,,I like finding stuff in my childhood bedroom #twee #tweegirl #2010s ,21.0,1.0,False,True,False,TWEE
https://www.tiktok.com/@._pineberrymoonstars/video/7363778672597175594,,"Pineberries <3
   #pineberrymoonstars 

   #pineberry ",188.0,0.0,False,True,False,TWEE
https://www.tiktok.com/@tollieclips/video/7590360707397389591,,Please teach me your ways 🙏 #whimsy #tweefashion #aesthetic ,58700.0,315.0,False,True,False,TWEE
https://www.tiktok.com/@cowboy.like.ivy_13/video/7518449408514673942,,hey tweelor u hate to see me comingg #tweelor #tweecore #taylorswift #moodboard #fyp ,156.0,3.0,False,True,False,TWEE
https://www.tiktok.com/@zz.monkii/video/7552717137417129246,,"Twee core

#twee #fyp #xybca #core #whimsytwee ",301.0,4.0,False,True,False,TWEE
https://www.tiktok.com/@its.rei_116/video/7616069225215577364,,"twee style!^.^

#twee #fyp #aesthetic #moodboard #vibe ",298.0,5.0,False,True,False,TWEE
https://www.tiktok.com/@crayonmuncher._/video/7611216601773378838,,Highkey lazy video but who cares balabalabala || #fyp #viral #tweencore #moodboard #toxiclipstick ,548.0,2.0,False,True,False,TWEE
https://www.tiktok.com/@awfulanthropoda/video/7358068560628829447,,:) #twee #grannycore #tweefashion #grandmacore #knitted ,326900.0,1860.0,False,True,False,TWEE
https://www.tiktok.com/@.bettyberry/video/7490596040970652950,,Our fave aesthetic Whimsy Twee 🍎,18900.0,184.0,False,True,False,TWEE
https://www.tiktok.com/@zstevenxo/video/7513905425381707015,,whimsy #twee #tweeaesthetic #whimsy #whimsical #moodboard #moodboardaesthetic #fyp #fypp #xyzbca #coquette #music,6452.0,50.0,False,True,False,TWEE
https://www.tiktok.com/@biancaellob/video/7571962391383100686,,bringing tweemo back whether you like it or NOT!!! #twee #tweecore,180.0,3.0,False,True,False,TWEE
https://www.tiktok.com/@iviaretro/video/7421694547840830763,,What is the twee aesthetic?,577.0,5.0,False,True,False,TWEE
https://www.tiktok.com/@unrealmariex/video/7526226365914418439,,#streetwear #streetstyle #baddie #outfit #outfitideas #outfitinspo ,218500.0,647.0,False,True,False,TWEE
https://www.tiktok.com/@6bec99/video/7534496225010273550,,Twee core @whippitgod ,284.0,7.0,False,True,False,TWEE
https://www.tiktok.com/@meeyatee/video/7570076117244103958,,Twee HAS to be my fav aesthetic 😮‍💨✨ what’s yours?? #fyp ,19500.0,111.0,False,True,False,TWEE
https://www.tiktok.com/@m4ever_9/video/7421668650815376672,,"ME ME ME ME CORE I WISH I COULD DRESS TWEE 

#fyp #twee #weird #weirdcore #fyp #tweeaesthetic #aesthetic #foryoupage ",227900.0,1141.0,False,True,False,WEIRD+TWEE
https://www.tiktok.com/@currentlyflopping69/video/7465836354551958830,,bring back aesthetics #fyp #floptok😍😍😭😌🤞💅💅 ,8233.0,80.0,False,True,False,TWEE
https://www.tiktok.com/@neaplotion/video/7540029188460301582,,"cute cute cute this aesthetic is so nostalgic to me 🍎📷

#twee ",2994.0,15.0,False,True,False,TWEE
https://www.tiktok.com/@h4rborgirl/video/7531085393148579127,,#twee #moodboard #zooeydeschanel #aesthetic #fyp ,433.0,4.0,False,True,False,TWEE
https://www.tiktok.com/@closet_feminino5/video/7527801176591469830,,"link no pv!

#inspiração #looks #baddie #estilo #fypシ゚viral #fyp ",130100.0,588.0,False,True,False,TWEE
https://www.tiktok.com/@roganropp/video/7545245026377338143,,@TR3VA.G ,129.0,2.0,False,True,False,TWEE
https://www.tiktok.com/@_.cigarettesoutthewindow/video/7465793782106098966,,"🐛🍎🎧🧦🐞🍂
|| I love this aesthetic sm
#aesthetic #twee #childcore #theveryhungrycaterpillar ",4403.0,28.0,False,True,False,TWEE
https://www.tiktok.com/@sunny4dayss/video/7474792228624387358,,"Another church fit check !! Will be rewearing this 🍂🤎🐿️ 
#tweecore ",95.0,2.0,False,True,False,TWEE
https://www.tiktok.com/@nerdypqnda/video/7612197400979000589,,"#moodboard 𑣲 sorey if its off time it looked better earlier idk what happened
───
#tweencore #nostalgia #pastelgoth #weirdgirl ",5700.0,33.0,False,True,False,TWEE
https://www.tiktok.com/@o0o0ooo0o00oo/video/7490914457963531542,,,192.0,1.0,False,True,False,TWEE
https://www.tiktok.com/@cordeliahh/video/7469605140685802759,,🍎 #apple #applecore #mecore #twee #whimsical  #tweeaesthetic #aesthetic #moodboard #pinterest ,464.0,4.0,False,True,False,TWEE
https://www.tiktok.com/@junebug.11/video/7415738994547313962,,#twee #aesthetic #aestheticedits #2000s #mecore #foryou #apples #vintage #nostalgia #pinterest #fyp ,110500.0,599.0,False,True,False,TWEE
https://www.tiktok.com/@kalevps/video/7416542226211294470,,this is me in my head tho #twee #tweecore #dinnerinamerica #fyp #fypシ゚ ,31700.0,114.0,False,True,False,TWEE
https://www.tiktok.com/@maisiedazey/video/7533515974083874070,,Here is my outfit of the day #outfit #ootd #outfitinspo #twee ,1281.0,34.0,False,True,False,TWEE
https://www.tiktok.com/@priscillas_perfume/video/7494799755214589230,,My favorite twee perfumes #twee #perfume #tweeperfumes ,937.0,13.0,False,True,False,TWEE
https://www.tiktok.com/@user9859701105326/video/7593210013548580151,,You wonโ€t believe I learned this in 5 mins #fastlearn #talent #dance #fyp ,2462.0,27.0,False,True,False,TWEE
https://www.tiktok.com/@akashic_ehehe/video/7370708953434443015,,#twee #fyp #tweeaesthetic #aesthetic #aestheticedits ,428.0,1.0,False,True,False,TWEE
https://www.tiktok.com/@gztkhmg115781299/video/7602542482651385118,,Soft girl era 🌸 #soft #aesthetic #dance #fyp ,203.0,2.0,False,True,False,TWEE
https://www.tiktok.com/@moxdbrd/video/7512555008718556446,,"࿁ 🐞  𓈒ㅤ୭ৎ ࣪  i literally adore this aesthetic 

#whimsytwee #fashion #moodboard #moodboardedit #edit #edits #aesthetics #xyzbca #viral ",1131.0,13.0,False,True,False,TWEE
https://www.tiktok.com/@necrofo0ur/video/7519269041157049622,,#twee || this is me guys || tags: #fyppppppppppp #fyp #fyppppppppppppppppppp #tweeaesthetic #whimsytwee  #aesthetic #silly #mecore ,319.0,8.0,False,True,False,TWEE
https://www.tiktok.com/@editz_e111/video/7568704700808203533,,Replying to @halle🐞 #tweeaesthetic #twee #edit #aesthetics #fypシ゚viral ,59.0,1.0,False,True,False,TWEE
https://www.tiktok.com/@.alicedear/video/7526048679015304462,,Twee moodboard!                          ‧₊˚❀༉‧₊˚.                                          ,519.0,3.0,False,True,False,TWEE
https://www.tiktok.com/@originallyclipped/video/7551261986571537694,,,,,False,True,False,TWEE
https://www.tiktok.com/@jamisonl_/video/7506811878597872897,,,,,False,True,False,TWEE
https://www.tiktok.com/@sof1dzze/video/7565965015832874271,,,,,False,True,False,TWEE
https://www.tiktok.com/@tees.goods/video/7568870995214339350,,bio #streetwear #y2k #y2kaesthetic #foryoupage #teesgoods ,36100.0,57.0,False,True,False,TWEE
https://www.tiktok.com/@dollysouup/video/7603118723825667359,,heres my outfit for today! with my cat slippers 🎀🐾 #cutecore🎀🦴🍮🐾,785.0,20.0,False,True,False,TWEE
https://www.tiktok.com/@weird.girly/video/7502843967931895086,,"I NEED song recommendations for edits, I’m running out of sound ideas! (Sorry for being inactive!)#moodboard #aesthetic ",7256.0,20.0,False,True,False,TWEE
https://www.tiktok.com/@_.autumnbreeze._/video/7522020678518721814,,fav insects #ladybug #ladybugs #aesthetic #insects #vibe #whimsical #tweeaesthetic #pinterest #pinterestaesthetic ,9285.0,57.0,False,True,False,TWEE
https://www.tiktok.com/@maisiedazey/video/7529561342945037590,,Here is my outfit of the day #outfit #outfitinspo #ootd #twee ,1253.0,39.0,False,True,False,TWEE
https://www.tiktok.com/@saltwounded/video/7566141358168165646,,,,,False,True,False,TWEE
https://www.tiktok.com/@w3irdladybugl0ver/video/7498546552173219118,,,,,False,True,False,TWEE
https://www.tiktok.com/@weird.girly/video/7426044734465903902,,,,,False,True,False,TWEE
https://www.tiktok.com/@boyfriendsfavdj/video/7531405921063341343,,"Manifesting a twee girl fall this year 🍂🍎🌀🤎 

-
💌 #pinterest #twee #tumblr #tumblr2014 #taylorswift #zoeydeschanel ",5610.0,13.0,False,True,False,TWEE
https://www.tiktok.com/@solturadecaderaschile/video/7607284474354634004,,"¿Quieres hacer esto? 👀
Primero tienes que aprender esto✨",2925.0,27.0,False,True,False,TWEE
https://www.tiktok.com/@elinasvideodiary/video/7246178746452004138,,aquarium vists ⋄ ࣪ ✧｡˚ ༘༄ #fyp #videodiary #aesthetic ,806400.0,3529.0,False,True,False,FAIRY+TWEE
https://www.tiktok.com/@lexxxxideeee/video/7616556743451004167,,#twerk,80.0,7.0,False,True,False,TWEE
https://www.tiktok.com/@meowositaa/video/7416533973788101893,,(⁠◍⁠•⁠ᴗ⁠•⁠◍⁠)⁠✧⁠*⁠。#Twee #Pink #Girl #Aesthetic #Girlhood #Fyp #Xyzbca ,8069.0,28.0,False,True,False,TWEE
https://www.tiktok.com/@peachyy_dream/video/6897902960852978945,,Upss #edit #aesthetic #frases #chill #tumblr #fyp,61100.0,163.0,False,True,False,TWEE
https://www.tiktok.com/@infinityg1rl/video/7509658632464731438,,#moodboard #pinterest #tumblr #myspace #aesthetic #2000s ,14800.0,44.0,False,True,False,TWEE
https://www.tiktok.com/@strawberryblondelibrary/video/7362286690318175534,,Love/ hate relationship with living in my head #pinterest #twee #aestheticphotos ,330.0,1.0,False,True,False,TWEE
https://www.tiktok.com/@angelduskkk/video/7521007489853164822,,#tweecore #twee #aesthetic #whimsy #edit #trend #xyzabc #dontflop #lgbtq🌈 #wlw #cute #flowy #2000 #2010 #childhood #nostalgia ,81.0,2.0,False,True,False,TWEE
https://www.tiktok.com/@zomb1eguttzz/video/7446670034941840686,,"|| ꧁•⊹٭𝚆𝚑𝚒𝚖𝚜𝚢 𝚃𝚠𝚎𝚎٭⊹•꧂ || 
             🍎🐛🍂🍏🦔
(tysm for 955 followers! ✮⋆˙)
#fyp #hungrycaterpilllar #titktok #twee #tweecore",1044.0,25.0,False,True,False,TWEE
https://www.tiktok.com/@catluvr762/video/7490780464060501294,,🐞🐞 #ladybug #ladybugedit #ladybugaesthetic #twee #tweeaesthetic #whimsytwee #aesthetic #moodboard #abcxyz #aestheticedits #tweepop ,1816.0,19.0,False,True,False,TWEE
https://www.tiktok.com/@calico.kat/video/6949701662994943234,,Care to have some tea? #cottagecore #cottagecoreaesthetic ,12800.0,115.0,False,True,False,TWEE
https://www.tiktok.com/@star._.kpopper/video/7361211672599481605,,#fyp #foryou #vaprofy #vaprofyyyyy #capcut #edit #kpop #twice #twicecore @TWICE ,57000.0,175.0,False,True,False,TWEE
https://www.tiktok.com/@shannon.skawinski/video/7488499358233693486,,📍Schenectady NY,321.0,20.0,False,True,False,TWEE
https://www.tiktok.com/@millennial.ca/video/7573334330097847560,,"Twee: the soft, whimsical aesthetic born from early-2010s Tumblr, indie films, and thrift-store culture. A little whimsical, a little awkward, and a lot of Wes Anderson + Zoey Deschanel. ",207.0,3.0,False,True,False,TWEE
https://www.tiktok.com/@ribbonify/video/7440600201556921642,,"apple ❤️ #apple #twee #tweeaesthetic #aesthetic #moodboard
#moodboardaesthetic #moodboardedit
#fyp #fypシ ",2998.0,28.0,False,True,False,TWEE
https://www.tiktok.com/@whitecottagelane/video/7605253881848859906,,"it's cosy here, stay a while 🫶☕️
#cozytok #asmrsounds #rainyday ",175400.0,1728.0,False,True,False,TWEE
https://www.tiktok.com/@206teenblog/video/7503214097467510022,,,,,False,True,False,TWEE
https://www.tiktok.com/@kiwilicious11/video/7484065615469088030,,,,,False,True,False,TWEE
https://www.tiktok.com/@weird.girly/video/7616527008100584717,,,,,False,True,False,TWEE
https://www.tiktok.com/@asamainacc/video/7557308563450907911,,,,,False,True,False,TWEE
https://www.tiktok.com/@weird.girly/video/7423048312162422047,,,,,False,True,False,WEIRD+TWEE
https://www.tiktok.com/@xanasaurus/video/7615052674760789278,,way shorter than my last one but i still like it #cool #tweencore #edit ,190.0,4.0,False,True,False,TWEE
https://www.tiktok.com/@cakistiz/video/7540274343130041614,,"twee is so cute omgoodness...

tags
#whimsytwee #aesthetic #edit #aestheticedit #whimsytweeedit ",182.0,0.0,False,True,False,TWEE
https://www.tiktok.com/@maisiedazey/video/7532591484214791446,,Whimsy twee 60s core #outfit #outfitinspo #twee #whimsical ,1590.0,14.0,False,True,False,TWEE
https://www.tiktok.com/@slumeouu/video/7591480426196192530,,"🍑😍

#baddie #twerk #sexy #blonde #fyp ",785.0,8.0,False,True,False,TWEE
https://www.tiktok.com/@tweety_aesthetic/video/6672445316404366597,,,465.0,4.0,False,True,False,TWEE
https://www.tiktok.com/@withlovejuliana/video/7542211114956754189,,I was meant to be a hipster in Portland #twee #whimsy ,7732.0,63.0,False,True,False,TWEE
https://www.tiktok.com/@weird.girly/video/7413007749056826655,,THANK YOU FOR ALL THE LOVE ON MY LAST POST!!!!!#iloveyouall #moodboard #digetaldiary #weird #weirdgirl #edit #edit ,12400.0,71.0,False,True,False,WEIRD+TWEE
https://www.tiktok.com/@tinzetinze/video/7485731384347069718,,my latest fierce tw£rk choreo✨ with amazing @WONDERclub ladiesss🥰 #fyp #dance #dancer #suomitiktok ,1382.0,23.0,False,True,False,TWEE
https://www.tiktok.com/@creeptaa/video/7525929651043159301,,🧚 #fy #viral #fairycore #aesthetic #green #fairy ,223700.0,1320.0,False,True,False,WEIRD+FAIRY+DARK+TWEE
https://www.tiktok.com/@weueyj_hd/video/7539243488915754257,,,14.0,0.0,False,True,False,TWEE
https://www.tiktok.com/@itsmeserenitty/video/7607201478708579597,,"|| 𝙸 𝚕𝚘𝚟𝚎 𝚠𝚑𝚒𝚖𝚜𝚢 𝚝𝚠𝚎𝚎! 🐞 || 
#FYP #AESTHETIC #LADYBUG #WHIMSYTWEE #WHIMSY ",312.0,12.0,False,True,False,TWEE
https://www.tiktok.com/@nownotwhen/video/7548689120445435143,,"Rainy days

 #itsnownotwhen #vibes #aesthetic #trending #nownotwhencore ",110700.0,575.0,False,True,False,ME+TWEE
https://www.tiktok.com/@girlblog420/video/7580173814135377183,,"🤍
#pinterest #moodboard #aesthetic #twee #chic ",888.0,1.0,False,True,False,TWEE
https://www.tiktok.com/@unicornshoebill/video/7609712008895794463,,,,,False,True,False,TWEE
https://www.tiktok.com/@bbeeswaxed/video/7531522273308724535,,twee:3#foryou#aesthetic #twee#whismytwee#viral#nerdout#like ,132.0,3.0,False,True,False,TWEE
https://www.tiktok.com/@isanggalonglecheflan/video/7578051282636737799,,"🐞🐛

#whimsical #twee #moodboard #aesthetic #fyp ",907.0,5.0,False,True,False,TWEE
https://www.tiktok.com/@alextweee/video/7461291580880686341,,Idk how to style #style #twee #tiktok #uhhh #clothes #fyp ,12.0,2.0,False,True,False,TWEE
https://www.tiktok.com/@janas_editsx/video/7498829414499716383,,I think it’s called whimsy twee 🍎 (not my images found on PINTREST. Pls ask for creds if these are yours) Reminds me of Luna lovegood ,53300.0,370.0,False,True,False,TWEE
https://www.tiktok.com/@healedpeople.healpeople/video/7586240597791345942,,whatever this vibe is💆🏻‍♀️ #niche #messygirl #cool #coolgirl  ,197500.0,214.0,False,True,False,ME+WEIRD+TWEE
https://www.tiktok.com/@mysterydollclothes/video/7556883106599324946,,"i love twee style :3 💚

#twee #tweestyle #colorfull #tweeclothing #tweeaesthetic ",9215.0,0.0,False,True,False,TWEE
https://www.tiktok.com/@rare_y2k_iteam/video/7058263037366652166,,,241.0,6.0,False,True,False,TWEE
https://www.tiktok.com/@sexysneaksatl/video/7576102317481528606,,shoutout to this group from our last twerk class! ✨ our next class is fast approaching! details below ⬇️,5931.0,26.0,False,True,False,TWEE
https://www.tiktok.com/@fluffy_catzz1/video/7480346524124319006,,,,,False,True,False,TWEE
https://www.tiktok.com/@_celestial_fa1ry/video/7402482233413520671,,Gotta love that twee 🙏 💗#vibes #twee #aesthetic #sheandhim #videoedit ,116.0,0.0,False,True,False,TWEE
https://www.tiktok.com/@jnriluv/video/7483167739306085637,,,,,False,True,False,TWEE
https://www.tiktok.com/@sunny.owwl/video/7473406528117083397,,I fw this vibe 🍎 #moodboard #twee #tweestyle #tweeaestetic ,426.0,2.0,False,True,False,TWEE
https://www.tiktok.com/@bunfettisprinkles/video/7596398944595332407,,"This is amazing guys 

————————-
#tweencore #shopkins ",6288.0,86.0,False,True,False,TWEE
https://www.tiktok.com/@myspacefaerie/video/7601179923134336287,,my brain #kawaii #wancore #tweencore #pink ,303.0,6.0,False,True,False,TWEE
https://www.tiktok.com/@deucee2x_/video/7546457127984958751,,just jokes ima good guy😂😂 #fyp #viral #xyzbca #tweaker ,416.0,11.0,False,True,False,TWEE
https://www.tiktok.com/@isthatjenn/video/7049865525215644934,,Na época eu queria ser assim  #tweeaesthetic #moda #fashiontiktok,13700.0,325.0,False,True,False,TWEE
https://www.tiktok.com/@bbmbabyd0ll/video/7331488392154238254,,#coquette #coquetteaesthetic #lanadelrey #lanadelreyaesthetic #vintageamericana #vintageamericanaaesthetic #dollete ,54000.0,153.0,False,True,False,TWEE
https://www.tiktok.com/@surething.lee/video/7434836387880242464,,"its really just a mix of twee, hippie and witchy 😋☕️ || ",345300.0,349.0,False,True,False,TWEE
https://www.tiktok.com/@flaviacaverrrr/video/7062474156469685509,,o que acha da volta dessa trend? #tweefashion ##tumblrfashion ,2148.0,43.0,False,True,False,TWEE
https://www.tiktok.com/@ba1tandsw1tch/video/7499813638140726559,,☆|| Apple moodboard!#moodboard #whimsy #twee #moodboardaesthetic #aesthetic #moodboardedit #appleaesthetic #applemoodboard #apples ,2861.0,14.0,False,True,False,TWEE
https://www.tiktok.com/@a.great.soul/video/7544852651788225799,,🍵🫖🇨🇳 #Tea #Meditation #Zen #Culture #Aesthetic ,797.0,15.0,False,True,False,TWEE
https://www.tiktok.com/@riley_rosiee/video/7541241905103981837,,,180.0,13.0,False,True,False,TWEE
https://www.tiktok.com/@tipswhme/video/7470594097921772855,,,464700.0,1044.0,False,True,False,ME+TWEE
https://www.tiktok.com/@sweeti3blood/video/7616105009150692640,,,,,False,True,False,TWEE
https://www.tiktok.com/@muffinloader53/video/7447368086581251359,,Replying to @veethetvHERE  #old7yhadioooo #ena #thesubstance ,28.0,1.0,False,True,False,TWEE
https://www.tiktok.com/@lu_araujo99/video/7120820240157658373,,#fyp #viral #colombia🇨🇴 #twerk  japon❤️‍🔥,3700.0,28.0,False,True,False,TWEE
https://www.tiktok.com/@kittenettes_x0/video/7603603490547453198,,,,,False,True,False,TWEE
https://www.tiktok.com/@cherry_bomb1976/video/7527384507771587871,,"🍎🍂🐇🎶🐞

#twee #tweeaesthetic #zooeydeschanel #polkadot #2010 #2010s #2010sthrowback #2010snostalgia ",68000.0,236.0,False,True,False,TWEE
https://www.tiktok.com/@a_sullengirl/video/7424688163152481578,,,7161.0,15.0,False,True,False,TWEE
https://www.tiktok.com/@yosefinthetrenches/video/7540070166273527095,,,,,False,True,False,TWEE
https://www.tiktok.com/@tweety_aesthetic/video/6679385920279416069,,,,,False,True,False,TWEE
https://www.tiktok.com/@vhsninja/video/7533662981779967246,,,,,False,True,False,TWEE
https://www.tiktok.com/@tys0nline/video/7046907068296482095,,,,,False,True,False,TWEE
https://www.tiktok.com/@fr4nkenstein1931/video/7526408874832710942,,,,,False,True,False,TWEE
https://www.tiktok.com/@allswell.thatends/video/7519969116095040790,,I LOVE TWEE #fyp #foryou #loscampesinos #tweecore ,55.0,3.0,False,True,False,TWEE
https://www.tiktok.com/@josiethequeen3/video/7461092507489766662,,twee core !! hope you enjoy🐞🦇 #twee #tweecore #core #capcut_edit ,113.0,0.0,False,True,False,TWEE
https://www.tiktok.com/@cxlaverita/video/7405429163336781061,,Betty la verdadera twee #ysblf #yosoybettylafea #betty #edit #tweecore ,535.0,5.0,False,True,False,TWEE
https://www.tiktok.com/@p1zza.gutz/video/7606669156397845783,,I love it so much tho / #fyp #shirt #tweencore #2010sfashion ,42.0,3.0,False,True,False,TWEE
https://www.tiktok.com/@luriiic/video/7401331620927655176,,"twee core

#core #twee #whatcoreisthis #apples #tweestyle #fyp #nature #foryou #anything",675.0,3.0,False,True,False,TWEE
https://www.tiktok.com/@jorker_ebie/video/6955094174513302785,,#tweekacore #hardstyle #EDC  #edmmusicfestival #edmlifestyle  #edmlover #edmmusic #edmlovers  #edmmusicfestival #edmlife #フェス行きたい,127.0,4.0,False,True,False,TWEE
https://www.tiktok.com/@tenshiin_/video/7499927026820730134,,,,,False,True,False,TWEE
https://www.tiktok.com/@crustyladylover/video/7512282149572070686,,,,,False,True,False,TWEE
https://www.tiktok.com/@raccoonpiled/video/7533268830022274326,,,,,False,True,False,TWEE
https://www.tiktok.com/@ellaspetals/video/7484332882442439958,,,459.0,3.0,False,True,False,TWEE
https://www.tiktok.com/@.yippewaffles/video/7376001400137895173,,tweek core é meio triste | #southpark #tweeksouthpark #fy #fyp ,404.0,26.0,False,True,False,TWEE
https://www.tiktok.com/@__jonaven_/video/7493042185819163950,,Pov: You’re at Peace #california #aesthetic #teen #fyp #beach ,1600000.0,2210.0,False,True,False,TWEE
https://www.tiktok.com/@editz_for.uxd/video/7521383649145539862,,"whimsytwee aesthetic is so cute!!

#whimsytwee #aesthetic #fyp ",3674.0,32.0,False,True,False,TWEE
https://www.tiktok.com/@senpaibuns._/video/7596220683873471751,,plsplsplsplsimdesperatplsplsplsplsplsplsplsplsplsplsplsplsplsplsplsplsplspls OK pls,579.0,27.0,False,True,False,TWEE
https://www.tiktok.com/@royal.highl0ver100/video/7410564446675897643,,I know this isnt my usual content but ive had this pinterest board for a while ❤️ #Twee #tweeaesthetic #pinterest #fyp,241.0,0.0,False,True,False,TWEE
https://www.tiktok.com/@sunsetz_sm/video/7523190366892313861,,| 🍁 | #cozy #fall #fyp #moodboard #autumnvibes #fallvibes #aesthetic #pinterestaesthetic ,113900.0,552.0,False,True,False,TWEE
https://www.tiktok.com/@eclipsa_lunarmoonberry/video/7440613663397907755,,❀♬🐛 ୨୧♪🍎ೄྀ#Fyp  #foryou #fyp #foryourpage #Viral #Viral? ,175.0,0.0,False,True,False,TWEE
https://www.tiktok.com/@minta_shads/video/7594494478405160222,,,,,False,True,False,TWEE
https://www.tiktok.com/@purinchan00/video/7586422187909827854,,I wish the clothes I had of this style still fit me..( ｡ • ᴖ • ｡) #popkei #tweencore #cutecore🎀🦴🍮🐾 #smalledit,1425.0,8.0,False,True,False,TWEE
https://www.tiktok.com/@tween_core/video/7533664477859024135,,,,,False,True,False,TWEE
https://www.tiktok.com/@weird.girly/video/7428292324267937055,,"This song has been stuck in my head this whole week! It’s so good tho so I’m ok with it 
#moodboard #aesthetic #digetaldiary ",83600.0,219.0,False,True,False,WEIRD+TWEE
https://www.tiktok.com/@vvrtualsins/video/7500788033340427527,,"funky thighs
#funkythighs #twee #whimsy #whimsical #whimsicalaesthetic #aesthetic #moodboard #moodboardaesthetic #fyp ",2162.0,6.0,False,True,False,TWEE
https://www.tiktok.com/@1xzura/video/7518608949180943630,,"TWEE TAYLOR!!!
#taylorswift #taylorswiftedit #tweeaesthetic #taylorswiftconcert #edit #music #twee #aesthetic ",121.0,7.0,False,True,False,TWEE
