hashtag,frequencia
2015,91
fyp,76
aesthetic,47
nostalgia,30
tumblr,24
2015vibes,22
2015aesthetic,13
tumblraesthetic,13
foryou,12
foryoupage,11
pinterest,11
2015throwback,11
viral,10
moodboard,7
vibes,7
capcut,7
edit,6
losangeles,6
summer,6
throwback,6
moodboardaesthetic,5
2015era,5
vibe,4
trend,4
friends,4
fashion,3
targetaudience,3
gym,3
core,3
musically,3
chicago,3
rareaesthetic,3
melaniemartinez,3
fypp,3
2010s,3
tumblrgirls,3
2015tumblr,2
loveyou,2
explore,2
pourtoi,2
halsey,2
victoriassecret,2
aesthetics,2
gymmotivation,2
sunset,2
tumblrgirl,2
viralvideos,2
inspo,2
fyppppppppppppppppppppppp,2
nostalgiatok,2
summer2k15,2
itgirl,2
esteticarara,2
y2k,2
creatorsearchinsights,2
kingkylie,2
selenagomez,2
thatgirl,2
slay,1
demilovato,1
halaey,1
gasoline,1
moda,1
cat,1
kahisdumb,1
fashiontiktok,1
foryoupag,1
foreveryoung,1
bebe,1
mlpedit,1
rainbowdash,1
equestriagirls,1
mlp,1
mylittlepony,1
ae,1
nostalgic,1
alt,1
alternative,1
violetta,1
disney,1
neiche,1
dubai,1
ladykillers,1
funknocapcut,1
funk,1
biscoitocut,1
physique,1
sunsetlover,1
pink,1
memoriesbringback,1
imtired,1
badlands,1
populargirl,1
2025,1
eu,1
ajuda,1
curteaiporfavor,1
moot,1
2015babies,1
niche,1
