criador,video_link
speedhubs,https://www.tiktok.com/@speedhubs/video/7610048735757847829
speedhubs,https://www.tiktok.com/@speedhubs/video/7621186208151981333
speedhubs,https://www.tiktok.com/@speedhubs/video/7571052619972562188
speedhubs,https://www.tiktok.com/@speedhubs/video/7592204980317080843
speedhubs,https://www.tiktok.com/@speedhubs/video/7585237334681996556
speedhubs,https://www.tiktok.com/@speedhubs/video/7585519975272582411
speedhubs,https://www.tiktok.com/@speedhubs/video/7600776844098538773
speedhubs,https://www.tiktok.com/@speedhubs/video/7538165754978438406
speedhubs,https://www.tiktok.com/@speedhubs/video/7504278280040664325
speedhubs,https://www.tiktok.com/@speedhubs/video/7574419130061835532
aclotheshorse,https://www.tiktok.com/@aclotheshorse/video/7522955532995546390
aclotheshorse,https://www.tiktok.com/@aclotheshorse/video/7374106510500171040
aclotheshorse,https://www.tiktok.com/@aclotheshorse/video/6947396201360657670
aclotheshorse,https://www.tiktok.com/@aclotheshorse/video/7188687559801720070
aclotheshorse,https://www.tiktok.com/@aclotheshorse/video/7498045536142920982
aclotheshorse,https://www.tiktok.com/@aclotheshorse/video/7490242731134962966
aclotheshorse,https://www.tiktok.com/@aclotheshorse/video/7614932730534497558
aclotheshorse,https://www.tiktok.com/@aclotheshorse/video/7535163188095094038
aclotheshorse,https://www.tiktok.com/@aclotheshorse/video/7588994664196263190
aclotheshorse,https://www.tiktok.com/@aclotheshorse/video/7570033448442957079
sp3d_up,https://www.tiktok.com/@sp3d_up/video/7567696116184059191
sp3d_up,https://www.tiktok.com/@sp3d_up/video/7616786647845473549
sp3d_up,https://www.tiktok.com/@sp3d_up/video/7565535154903584031
sp3d_up,https://www.tiktok.com/@sp3d_up/video/7598843722096200974
sp3d_up,https://www.tiktok.com/@sp3d_up/video/7622412541712534798
sp3d_up,https://www.tiktok.com/@sp3d_up/video/7584949687166242062
sp3d_up,https://www.tiktok.com/@sp3d_up/video/7621679054814530829
sp3d_up,https://www.tiktok.com/@sp3d_up/video/7619384173857361165
sp3d_up,https://www.tiktok.com/@sp3d_up/video/7135092112529509678
sp3d_up,https://www.tiktok.com/@sp3d_up/video/7596425360552611086
yun.loves.bom,https://www.tiktok.com/@yun.loves.bom/video/7565335707753925901
yun.loves.bom,https://www.tiktok.com/@yun.loves.bom/video/7624335473762258189
yun.loves.bom,https://www.tiktok.com/@yun.loves.bom/video/7589078916204104974
yun.loves.bom,https://www.tiktok.com/@yun.loves.bom/video/7580197111392767245
yun.loves.bom,https://www.tiktok.com/@yun.loves.bom/video/7623655528803192078
yun.loves.bom,https://www.tiktok.com/@yun.loves.bom/video/7618750769105341709
yun.loves.bom,https://www.tiktok.com/@yun.loves.bom/video/7618462798808501518
yun.loves.bom,https://www.tiktok.com/@yun.loves.bom/video/7577211884793842957
yun.loves.bom,https://www.tiktok.com/@yun.loves.bom/video/7565765978664029495
yun.loves.bom,https://www.tiktok.com/@yun.loves.bom/video/7602472342731656462
deepcryyy,https://www.tiktok.com/@deepcryyy/video/7471407003886243127
deepcryyy,https://www.tiktok.com/@deepcryyy/video/7476523444507577605
deepcryyy,https://www.tiktok.com/@deepcryyy/video/7471375649588972855
deepcryyy,https://www.tiktok.com/@deepcryyy/video/7482625225570536709
deepcryyy,https://www.tiktok.com/@deepcryyy/video/7487967726120471863
deepcryyy,https://www.tiktok.com/@deepcryyy/video/7473754909129706758
deepcryyy,https://www.tiktok.com/@deepcryyy/video/7483227863211117829
deepcryyy,https://www.tiktok.com/@deepcryyy/video/7490140376091659575
deepcryyy,https://www.tiktok.com/@deepcryyy/video/7474880029563063558
deepcryyy,https://www.tiktok.com/@deepcryyy/video/7479451273532591366
elisapur,https://www.tiktok.com/@elisapur/video/7223403754195012910
elisapur,https://www.tiktok.com/@elisapur/video/7226745193356184875
elisapur,https://www.tiktok.com/@elisapur/video/7504794789158653215
elisapur,https://www.tiktok.com/@elisapur/video/7572635579817446711
elisapur,https://www.tiktok.com/@elisapur/video/7621597858462027022
elisapur,https://www.tiktok.com/@elisapur/video/7453116150004600107
elisapur,https://www.tiktok.com/@elisapur/video/7418991728444706079
elisapur,https://www.tiktok.com/@elisapur/video/7567071225156046094
elisapur,https://www.tiktok.com/@elisapur/video/7460657659776191790
elisapur,https://www.tiktok.com/@elisapur/video/7520407930907282743
aestheticore111,https://www.tiktok.com/@aestheticore111/video/7599377773567708424
aestheticore111,https://www.tiktok.com/@aestheticore111/video/7561141899176774968
aestheticore111,https://www.tiktok.com/@aestheticore111/video/7616077024687361287
aestheticore111,https://www.tiktok.com/@aestheticore111/video/7556692449096158475
aestheticore111,https://www.tiktok.com/@aestheticore111/video/7592633729223363852
aestheticore111,https://www.tiktok.com/@aestheticore111/video/7577119232211651896
aestheticore111,https://www.tiktok.com/@aestheticore111/video/7552985726237871416
aestheticore111,https://www.tiktok.com/@aestheticore111/video/7600801762370522386
aestheticore111,https://www.tiktok.com/@aestheticore111/video/7581873195603496203
aestheticore111,https://www.tiktok.com/@aestheticore111/video/7598206210344635666
missingeidos,https://www.tiktok.com/@missingeidos/video/7574817531286899975
missingeidos,https://www.tiktok.com/@missingeidos/video/7542523881106443527
missingeidos,https://www.tiktok.com/@missingeidos/video/7424856029201992967
missingeidos,https://www.tiktok.com/@missingeidos/video/7605237470581525780
missingeidos,https://www.tiktok.com/@missingeidos/video/7380719190178630920
missingeidos,https://www.tiktok.com/@missingeidos/video/7457923709639118098
missingeidos,https://www.tiktok.com/@missingeidos/video/7368845527204498696
missingeidos,https://www.tiktok.com/@missingeidos/video/7453856588340792584
missingeidos,https://www.tiktok.com/@missingeidos/video/7558520303316372744
missingeidos,https://www.tiktok.com/@missingeidos/video/7578119422892657938
withlovekourtney,https://www.tiktok.com/@withlovekourtney/video/7435432946804215082
withlovekourtney,https://www.tiktok.com/@withlovekourtney/video/7090963122374053163
withlovekourtney,https://www.tiktok.com/@withlovekourtney/video/7431965927270337835
withlovekourtney,https://www.tiktok.com/@withlovekourtney/video/7624301285914774814
withlovekourtney,https://www.tiktok.com/@withlovekourtney/video/7511032246178991390
withlovekourtney,https://www.tiktok.com/@withlovekourtney/video/7267591732026674478
withlovekourtney,https://www.tiktok.com/@withlovekourtney/video/7510337371628408095
withlovekourtney,https://www.tiktok.com/@withlovekourtney/video/7515458550643117342
withlovekourtney,https://www.tiktok.com/@withlovekourtney/video/7542614274087079198
withlovekourtney,https://www.tiktok.com/@withlovekourtney/video/7363327767494102314
tees.goods,https://www.tiktok.com/@tees.goods/video/7616430839165095170
tees.goods,https://www.tiktok.com/@tees.goods/video/7571570383006993686
tees.goods,https://www.tiktok.com/@tees.goods/video/7627242742468431126
tees.goods,https://www.tiktok.com/@tees.goods/video/7623946964945620246
tees.goods,https://www.tiktok.com/@tees.goods/video/7610447753788902678
tees.goods,https://www.tiktok.com/@tees.goods/video/7596086054940167446
tees.goods,https://www.tiktok.com/@tees.goods/video/7627454584415423766
tees.goods,https://www.tiktok.com/@tees.goods/video/7617422659139210518
tees.goods,https://www.tiktok.com/@tees.goods/video/7598618850132806934
tees.goods,https://www.tiktok.com/@tees.goods/video/7622663099941784854
